Strategy,Random State,Samples Used,Uncertainty Weight,Geographic Weight,Log MAE,Log RMSE,Log R2,Original MAE,Original RMSE,Original R2
random,0,30,,,0.5121580427685586,0.7111687731249885,-0.4664610569768006,1.5705874991592845,3.3879380438852746,-0.07096139138445334
random,0,40,,,0.46496654109424124,0.6582451827425959,-0.25632081612602975,1.4553265096554915,3.6880981247243905,-0.26913502525956856
random,0,50,,,0.41281274175774324,0.5830694470566398,0.014252358689952671,1.2328302633885984,3.3250301685757746,-0.03155900701189629
random,0,60,,,0.39667717932652463,0.5736516032790843,0.04583913449785082,1.2012859108803033,3.318081340895815,-0.02725189685039875
random,0,70,,,0.3847792917392738,0.5693753548502394,0.06001157288636316,1.1777618668226557,3.2956805282480843,-0.013428485778830712
random,0,80,,,0.40592793184949627,0.577314953128587,0.033613644434358436,1.225127859792145,3.2885282777453386,-0.009034595503663256
random,0,90,,,0.4060972321906122,0.5652272455897602,0.07365800560932367,1.227756982545758,3.1265703343493105,0.08790662544452443
random,0,100,,,0.4141561278220621,0.5683822519148208,0.06328776371413891,1.2349273091458257,3.1510346536441456,0.07357715911841867
random,0,110,,,0.4135181682560974,0.5758515154839344,0.038506826832061636,1.2382244456354392,3.1691102521230254,0.06291800806888614
random,0,120,,,0.4433363354950653,0.5731424783385316,0.04753204887046614,1.2151919052955436,3.067204251695843,0.12221472671983569
random,0,130,,,0.44719872147739853,0.586113604724259,0.003932474340518577,1.2449739823124986,3.164996674238757,0.06534913710381263
random,0,140,,,0.4455023054297704,0.5840005250740776,0.011101650767140758,1.2391694311042338,3.1680119638825657,0.06356740661461135
random,0,150,,,0.43896881514511327,0.5798018898358276,0.025269782205631697,1.22593692141786,3.167404135672105,0.06392670800003863
random,0,160,,,0.4274664414192605,0.5726784371050692,0.04907374397985165,1.2031022774725437,3.1641670902218495,0.06583903954600578
random,0,170,,,0.42045209112056847,0.567830539049881,0.06510536224016905,1.1901968213999323,3.162046985272071,0.0670904625653177
random,0,180,,,0.4192816224936762,0.5689949798494242,0.06126708443771389,1.1879647134044604,3.168801932705873,0.06310033465029352
random,0,190,,,0.4160392270306663,0.5668524338383172,0.06832335666648048,1.1817836678797922,3.166994700959121,0.06416869551543192
random,0,200,,,0.4165551123059865,0.5681034156694263,0.06420660048336457,1.1832690424369219,3.1708154381274447,0.0619093154978253
uncertainty,0,30,,,0.5121580427685586,0.7111687731249885,-0.4664610569768006,1.5705874991592845,3.3879380438852746,-0.07096139138445334
uncertainty,0,40,,,0.5367702982950566,0.7401622606387196,-0.5884701269571204,1.6493075739637237,3.476647390565454,-0.1277794761751112
uncertainty,0,50,,,0.5229033686376926,0.7091720700849933,-0.45823803915197825,1.5694158074999978,3.3090632104745734,-0.021675600442327303
uncertainty,0,60,,,0.48312435379651686,0.6546005858660833,-0.24244724119484196,1.4295096339213471,3.2405808949516843,0.020174743686401708
uncertainty,0,70,,,0.4767615536094302,0.6489117361572655,-0.22094593825726339,1.4103590836122317,3.2213672047876565,0.03175923968617589
uncertainty,0,80,,,0.467005364855523,0.6421757697592241,-0.19572967283197062,1.3864372886226408,3.2203933873866117,0.032344548422102326
uncertainty,0,90,,,0.4655357379165877,0.6279241763655534,-0.14324572471050656,1.3658262909991634,3.229555558930736,0.026830664855040487
uncertainty,0,100,,,0.44036761228041726,0.6074269031571454,-0.06982618360544035,1.296578415673536,3.2467715432506004,0.016427546740239052
uncertainty,0,110,,,0.44655124287010606,0.6097480991803074,-0.07801818502824087,1.3002372069242463,3.22924756868289,0.02701627081064062
uncertainty,0,120,,,0.46164835712668967,0.6212476245316044,-0.11906331507486256,1.335899136585853,3.228597904321841,0.027407723775850434
uncertainty,0,130,,,0.4541555712977844,0.6150508445240066,-0.09684993811128506,1.3194608048517973,3.232758961635414,0.024899130111318946
uncertainty,0,140,,,0.4435948287141065,0.6001069459027154,-0.04419710251092601,1.3033759491454635,3.199882821023803,0.04463122030209277
uncertainty,0,150,,,0.4159466353334279,0.5786425201867812,0.029164018515818624,1.231776756649057,3.240756360417677,0.0200686329887656
uncertainty,0,160,,,0.411392700883171,0.5747635846647089,0.042136408106849044,1.2223614686748099,3.236037997269787,0.022920008179943996
uncertainty,0,170,,,0.4002448288599555,0.5588133944308361,0.0945618453735303,1.170923091238887,3.1955044637713916,0.04724386852982643
uncertainty,0,180,,,0.39839193733885064,0.5539156907027516,0.11036366597825764,1.1546908140980714,3.1828655796176006,0.05476566087829915
uncertainty,0,190,,,0.3998260767290009,0.560081011614164,0.09044937864820912,1.1575400358575174,3.19034002707771,0.05032098682058406
uncertainty,0,200,,,0.40388201067698976,0.5624335986159051,0.0827923041545221,1.165321112914089,3.189722090082364,0.05068883786985767
geographic,0,30,,,0.5121580427685586,0.7111687731249885,-0.4664610569768006,1.5705874991592845,3.3879380438852746,-0.07096139138445334
geographic,0,40,,,0.4145631724267367,0.6091002366918805,-0.07572859523562725,1.2700557945237057,3.378521038225671,-0.06501604466745525
geographic,0,50,,,0.41928046899513327,0.6086225712030919,-0.07404205198895619,1.2863335880473925,3.360414007127347,-0.05363082503278371
geographic,0,60,,,0.41460362474816626,0.6022595627795658,-0.051701723926240506,1.2732191646398492,3.342904003018861,-0.0426791898985317
geographic,0,70,,,0.4301728129546279,0.6216622431649578,-0.1205575319213319,1.330808103629318,3.3794027572485317,-0.06557200831578003
geographic,0,80,,,0.41008742359018086,0.5970305077694789,-0.03351842721979037,1.2513921756778892,3.2983392724156313,-0.015064283852358473
geographic,0,90,,,0.391903438444863,0.5800060896517196,0.02458308288883304,1.1904191458882347,3.277006085106788,-0.0019761656049663845
geographic,0,100,,,0.3871881243840555,0.567279197258382,0.06691997490919122,1.1556821536821127,3.2512599745514437,0.013706228760229644
geographic,0,110,,,0.38492235262283625,0.5718510779802188,0.05181940067818691,1.1569678180390186,3.2566401128330447,0.010439318459751434
geographic,0,120,,,0.377808009765324,0.5577030328258684,0.09815647980509534,1.1288487162769203,3.2329287042505683,0.02479672809555422
geographic,0,130,,,0.372969316700417,0.554695306178329,0.1078576443756537,1.1173712451317845,3.225034305690528,0.029553556629400957
geographic,0,140,,,0.3759826911783134,0.5580128245300237,0.09715429326397418,1.1278109017761448,3.2266344549143047,0.028590314559369223
geographic,0,150,,,0.3723441177191432,0.5542921598366112,0.10915397128917936,1.1262900409953147,3.2228603031001066,0.030861475731828403
geographic,0,160,,,0.36837522049618454,0.5521035936267442,0.1161749129870635,1.1188507893407513,3.219420617139293,0.03292905109091526
geographic,0,170,,,0.3671276337609121,0.5507261130494743,0.12057964120687525,1.1141802347270013,3.220344618211018,0.03237385627094136
geographic,0,180,,,0.377106937677829,0.5544176319274012,0.10875061373519801,1.1310162106875647,3.2178743182790996,0.0338578030407547
geographic,0,190,,,0.37713550036998184,0.5633301257551785,0.0798658894669736,1.131759795504621,3.2349522840909257,0.02357553241491106
geographic,0,200,,,0.36776677386391665,0.5554097781561539,0.10555792698936173,1.0984428857786093,3.2411044773847038,0.019858096299608885
hybrid,0,30,0.3,0.7,0.5121580427685586,0.7111687731249885,-0.4664610569768006,1.5705874991592845,3.3879380438852746,-0.07096139138445334
hybrid,0,40,0.3,0.7,0.4233680657222979,0.6013469715109053,-0.04851689563222794,1.2742741781190619,3.304453816023335,-0.01883127526282613
hybrid,0,50,0.3,0.7,0.40333127182114803,0.5902319185911375,-0.010114394361432355,1.2392910059315894,3.31433625722327,-0.024934308584346754
hybrid,0,60,0.3,0.7,0.40863541091333017,0.6096018726486333,-0.07750119790219578,1.285844764581971,3.33525109430558,-0.037910644415591666
hybrid,0,70,0.3,0.7,0.3988003648641156,0.6120823277054446,-0.08628768946964493,1.2784397277942556,3.3432482804426074,-0.042893966864745225
hybrid,0,80,0.3,0.7,0.3988627319802408,0.6168439545699962,-0.10325474060948792,1.2857355474957823,3.3621855497597504,-0.05474202378728488
hybrid,0,90,0.3,0.7,0.39246888267360036,0.5949102987621165,-0.026190881443539427,1.246938955786777,3.2796143196211225,-0.0035717859815656006
hybrid,0,100,0.3,0.7,0.3765727530071495,0.5712171736610742,0.053920376478767906,1.188135819509211,3.257314638676464,0.010029353983511013
hybrid,0,110,0.3,0.7,0.3720326950357834,0.5678901589452637,0.06490903167035234,1.1796910956708617,3.241645060538536,0.019531113697326408
hybrid,0,120,0.3,0.7,0.36995913984791556,0.5678644954580033,0.06499354503102905,1.1780794375065753,3.2441494547951946,0.018015568894707568
hybrid,0,130,0.3,0.7,0.3624939766041136,0.5552177153173802,0.10617642305390029,1.1447048219275795,3.2003810312120535,0.04433370221161381
hybrid,0,140,0.3,0.7,0.3652480980455962,0.5477642855901425,0.13001332244081198,1.1348381637228766,3.175828424359896,0.05894077118647634
hybrid,0,150,0.3,0.7,0.36014762330402583,0.5414794636053282,0.1498625327870876,1.112293443314669,3.177421808207624,0.05799623355224426
hybrid,0,160,0.3,0.7,0.3566586665168004,0.5384934486876255,0.1592129289680968,1.0987631335935002,3.1875015814133367,0.05201009400756407
hybrid,0,170,0.3,0.7,0.3600057430943471,0.5419440727645468,0.14840300889092872,1.1085312621617642,3.191817828059941,0.04944097929142888
hybrid,0,180,0.3,0.7,0.3632645060285778,0.5497528490364767,0.12368518449087851,1.121819334234691,3.1995581050691007,0.04482510724258293
hybrid,0,190,0.3,0.7,0.36052864004359875,0.5420623149741814,0.14803136281203266,1.1041956867431393,3.1910232842643262,0.04991416843246088
hybrid,0,200,0.3,0.7,0.3625459312893811,0.5390595005023903,0.1574443682127784,1.1031027174268124,3.1843675225195662,0.0538733687379328
random,1,30,,,0.4373758556791728,0.5997820646685431,-0.043066809925147664,1.2676062697045816,3.237931032784393,0.0217765184340748
random,1,40,,,0.4153427132776718,0.6132456130543005,-0.09042067392456121,1.2543843446882432,3.310479425802465,-0.022550302543073775
random,1,50,,,0.4282434630109411,0.6210389430270493,-0.11831163865717231,1.2777881413642722,3.2839534112515656,-0.0062290927140975505
random,1,60,,,0.4286869613710779,0.6201773181150338,-0.11521071638354274,1.2753600352708139,3.29398685247414,-0.01238713591515661
random,1,70,,,0.4017259241340302,0.573594689761329,0.04602845483512363,1.1757946279312705,3.2128574496420024,0.036868007674109804
random,1,80,,,0.39689675548522424,0.5681198036175237,0.06415261047228116,1.1628753371387541,3.2166969045785745,0.03456469264141149
random,1,90,,,0.39448996250752494,0.5686882809034276,0.062278800927176636,1.161943356511219,3.2197769954367494,0.03271493668049397
random,1,100,,,0.397311951324751,0.5708356155747686,0.05518386708532386,1.1696457938364466,3.212720472532885,0.03695013034888339
random,1,110,,,0.4044546696784956,0.5757851171143062,0.03872854335715281,1.1947709200588417,3.183855069959565,0.054177859974185893
random,1,120,,,0.4055068617155282,0.5709052680136042,0.05495328314468817,1.2012349126380562,3.1574156930520947,0.0698212332568241
random,1,130,,,0.398998641320339,0.5678482617106135,0.06504700300123256,1.1767411142799495,3.157801009235718,0.0695941901070779
random,1,140,,,0.4018355672504135,0.5724752284720976,0.04974847565513962,1.1937567840238408,3.1038229307676097,0.1011302402034483
random,1,150,,,0.40190370365364486,0.5760049303582768,0.03799444820880904,1.196109154419526,3.1070093275386728,0.09928372644227823
random,1,160,,,0.3787019419822732,0.5449290734618537,0.13899606676177256,1.1225095138791337,3.08974436900872,0.10926607359946938
random,1,170,,,0.3775202570000425,0.5437607383334511,0.14268411650728285,1.118950779973826,3.092299468628034,0.1077922591404612
random,1,180,,,0.37853175460501165,0.5407776944892986,0.15206469798646682,1.1211514400407996,3.0792874244662407,0.11528507866092685
random,1,190,,,0.3996339817680704,0.5426348656705008,0.14623063681186343,1.1593685097186817,3.0751853369317974,0.11764066307832055
random,1,200,,,0.3961802937118234,0.5406687362544469,0.15240635492681498,1.1516446710001165,3.075051124895908,0.11771768000303473
uncertainty,1,30,,,0.4373758556791728,0.5997820646685431,-0.043066809925147664,1.2676062697045816,3.237931032784393,0.0217765184340748
uncertainty,1,40,,,0.43140803791303584,0.5860804409001518,0.004045191306635054,1.2039070325846948,3.291267378029316,-0.010716197578130915
uncertainty,1,50,,,0.4209581495909989,0.5816120779872923,0.019173908798258088,1.1795544760891457,3.2927274515775835,-0.011613145255206625
uncertainty,1,60,,,0.4213727232183117,0.5819359780417882,0.01808115953402134,1.1785147513688714,3.2896812645946643,-0.009742272294378296
uncertainty,1,70,,,0.4028326409913007,0.57793032742397,0.031552356167243945,1.1442345472798587,3.302734827048672,-0.017771551450765477
uncertainty,1,80,,,0.4081560699788049,0.5789540641661026,0.02811833135370645,1.152961463930014,3.298999937690441,-0.015470964203782467
uncertainty,1,90,,,0.4172881320903329,0.5809224085079361,0.021498636169228758,1.1697482969615451,3.2928256203098463,-0.011673466227322571
uncertainty,1,100,,,0.4230035875109044,0.584370817823022,0.00984720676062889,1.1844758088020082,3.2933508829720224,-0.011996250815816234
uncertainty,1,110,,,0.39987304551823954,0.5962607335877071,-0.030855035958488042,1.1985756412792115,3.2745561938427237,-0.0004785699267439991
uncertainty,1,120,,,0.39789239807945637,0.5913024942434677,-0.013782053055114929,1.1870534681844829,3.259726706574317,0.008562648552214003
uncertainty,1,130,,,0.39976730628497886,0.584450599348375,0.009576826069993882,1.1756027169589536,3.2370515900140027,0.022307829774331656
uncertainty,1,140,,,0.39860876733005707,0.5840974808994845,0.01077326950536106,1.1731093162708106,3.23486698588901,0.0236270238410784
uncertainty,1,150,,,0.3910850020245034,0.5680526992078794,0.06437367573830066,1.1422193817701338,3.2314545788810065,0.02568585635585352
uncertainty,1,160,,,0.3906295202876143,0.5689005133700138,0.06157876181766542,1.142997827497029,3.2323497923569393,0.025145950907200842
uncertainty,1,170,,,0.39191008773802666,0.5706628775206921,0.05575559387436113,1.1467804806569926,3.2325443739577753,0.025028578479650232
uncertainty,1,180,,,0.3931306835483256,0.5738646984658433,0.045130115812039295,1.1494022808078042,3.2370811614789576,0.022289966653523452
uncertainty,1,190,,,0.38878970075234104,0.568148707799113,0.06405738199820821,1.1413069207184918,3.2317955428892926,0.025480237756645097
uncertainty,1,200,,,0.39060771696149427,0.5599358066524087,0.09092093237077858,1.1438261240703371,3.2007298408073597,0.04412537467998623
geographic,1,30,,,0.4373758556791728,0.5997820646685431,-0.043066809925147664,1.2676062697045816,3.237931032784393,0.0217765184340748
geographic,1,40,,,0.4184626167947608,0.5941754130711956,-0.023657164307736567,1.2338580811488167,3.2476955426388514,0.015867636901379267
geographic,1,50,,,0.41689307168295275,0.6074451932386227,-0.0698906111194495,1.251284449247573,3.2929054199185495,-0.01172250139303399
geographic,1,60,,,0.41075862564589427,0.6102185212175694,-0.07968221361629557,1.2494442688277878,3.3096701780037816,-0.022050438122217075
geographic,1,70,,,0.41628741973918415,0.6121728853215695,-0.08660914590181079,1.2728520720338012,3.335784539542799,-0.03824268104585715
geographic,1,80,,,0.40998267928740534,0.613441850805533,-0.09111865180917156,1.2699243519737415,3.3590099364477197,-0.05275053880325653
geographic,1,90,,,0.4109759651977057,0.6104981914633623,-0.0806721022358663,1.2654305836893542,3.3446963241730385,-0.0437975689825294
geographic,1,100,,,0.3843996641182602,0.5699410795126528,0.05814272200061976,1.139499614685253,3.2431303480407716,0.018632426899981902
geographic,1,110,,,0.39066118913135606,0.5824205712979583,0.0164451398181098,1.1628760438573675,3.258855418533011,0.009092577678249225
geographic,1,120,,,0.3932928822181983,0.5865056693843583,0.0025994444038937026,1.1690304555375017,3.263959555351235,0.005986157045933305
geographic,1,130,,,0.3861911688585471,0.5632703215948701,0.08006124534945558,1.1397578696047257,3.222653375256515,0.03098592127900701
geographic,1,140,,,0.38432571879808386,0.5618847356562837,0.08458158450507414,1.1350472162183354,3.2214579320900776,0.031704699421903904
geographic,1,150,,,0.3823253589794972,0.562533795174468,0.08246547716252495,1.1330708126190074,3.2252462560405055,0.02942599629812892
geographic,1,160,,,0.37421884029864055,0.5484721719818432,0.1277632682303651,1.111009109620338,3.1998920547721745,0.04462570657041243
geographic,1,170,,,0.3735515201468911,0.5484506667532771,0.1278316665320517,1.110268290219819,3.196581735687116,0.046601371896610844
geographic,1,180,,,0.37475088056610656,0.5419179820386204,0.14848500350983407,1.1091518246290641,3.1742510067038525,0.0598753775863784
geographic,1,190,,,0.3772104006860068,0.5447680219654314,0.1395049237398751,1.114213590069021,3.1748693881425627,0.059509047234554524
geographic,1,200,,,0.3697490546525577,0.5389953265289423,0.1576449654537888,1.0971586235667952,3.1732036528750767,0.060495669225399507
hybrid,1,30,0.3,0.7,0.4373758556791728,0.5997820646685431,-0.043066809925147664,1.2676062697045816,3.237931032784393,0.0217765184340748
hybrid,1,40,0.3,0.7,0.4132743385640843,0.5811063267442594,0.020878957084720984,1.2001966204861845,3.237613429466033,0.02196841368033442
hybrid,1,50,0.3,0.7,0.41071765744825744,0.5859340713607326,0.004542594847186443,1.1970831007539187,3.2497640513158244,0.014613618730007105
hybrid,1,60,0.3,0.7,0.4159057410533519,0.5974874436473366,-0.03510103434627321,1.2262584459195727,3.2754195835961486,-0.0010062242239801122
hybrid,1,70,0.3,0.7,0.4075138873416862,0.5963868984747063,-0.03129132653232336,1.2164178792387854,3.2862612463467915,-0.0076438672269711905
hybrid,1,80,0.3,0.7,0.390138087551357,0.5845413035854131,0.009269383321246716,1.1717424469370588,3.2750373872625493,-0.00077263058622834
hybrid,1,90,0.3,0.7,0.39380553431935994,0.5932161658820178,-0.02035461221558199,1.1905410684103546,3.2936386678784766,-0.012173122325354058
hybrid,1,100,0.3,0.7,0.38633053457508937,0.5713966758796366,0.05332568121301606,1.165568599953111,3.246610424509588,0.0165251624925169
hybrid,1,110,0.3,0.7,0.3867283892109385,0.5743603396658123,0.043479980381180616,1.1711009583500003,3.2523072744400663,0.013070714078737833
hybrid,1,120,0.3,0.7,0.38478990561721,0.5646975167605859,0.07539352037131597,1.138969151295856,3.2296782662905805,0.02675671207348085
hybrid,1,130,0.3,0.7,0.3771436811481175,0.5587585903935831,0.09473943321805545,1.1238515476220114,3.2249799373280723,0.029586276367699837
hybrid,1,140,0.3,0.7,0.37012111146466836,0.5438109914262568,0.14252564693629666,1.1004660832574378,3.205062631806205,0.04153571019711211
hybrid,1,150,0.3,0.7,0.36913375371730606,0.5454032124577972,0.13749710786326375,1.1004489627938994,3.2027754794754197,0.04290315409380652
hybrid,1,160,0.3,0.7,0.36872641920143007,0.5461328364163776,0.1351879036224587,1.099582264708414,3.2064802243908552,0.04068766914224009
hybrid,1,170,0.3,0.7,0.3720810888906659,0.5492751176319288,0.12520754570973314,1.1053226269105538,3.211033951211856,0.03796097323941461
hybrid,1,180,0.3,0.7,0.37287364297083775,0.5466929885665162,0.13341296992955276,1.1031867112952471,3.2162441201239793,0.03483646417998565
hybrid,1,190,0.3,0.7,0.3753709348309721,0.5492523808180232,0.12527996690973064,1.110576358446331,3.214254615049066,0.03603015706071366
hybrid,1,200,0.3,0.7,0.37419801608149156,0.546797229353403,0.13308246513798372,1.1063194298825123,3.2081513393226038,0.03968748277224765
random,2,30,,,0.7751792011370373,0.9826798392147668,-1.7999435073843997,2.668731971253464,4.7557297162647405,-1.1102661070488637
random,2,40,,,0.702306131237198,0.8788112790939312,-1.239321352447741,2.2119647750509444,3.975744687316074,-0.4748228912631083
random,2,50,,,0.6244449387901931,0.7677961283585197,-0.7092949614071187,1.802811166077403,3.3387844829933107,-0.04011094911831714
random,2,60,,,0.5955877180674828,0.7399914677009172,-0.5877371304433778,1.7090454107820243,3.2708662906473873,0.0017749196407854662
random,2,70,,,0.5061531056760393,0.6354719534827699,-0.17089500213370434,1.384696071820104,3.188889252444135,0.051184504155526334
random,2,80,,,0.48777573285442755,0.6191693828972765,-0.11158869832098617,1.3384939893557668,3.188731783658191,0.051278207714007595
random,2,90,,,0.4761007295235487,0.6164467717171254,-0.10183443718716245,1.3186836484941715,3.1927698567659806,0.048873845147110684
random,2,100,,,0.4556069040593412,0.5990847004252563,-0.040642680667794195,1.268369360047625,3.1942518585989945,0.04799066351395542
random,2,110,,,0.447525530896599,0.5923556688221542,-0.017396583124017928,1.2501605817255035,3.193490021922177,0.04844472234921793
random,2,120,,,0.4502293080786611,0.5949434440414106,-0.026305232568301973,1.2598332537348702,3.1866746307483584,0.05250191443314489
random,2,130,,,0.44126648732794743,0.5875199707734168,-0.0008533425240495607,1.2385114520945815,3.1861618430374223,0.05280682556395866
random,2,140,,,0.43707311735135973,0.5852713917429296,0.006793006040715643,1.2302244438485164,3.1882777941365754,0.05154833334457898
random,2,150,,,0.43218841382408696,0.5832973845102181,0.013481497768325301,1.2167528133963923,3.2006401915308613,0.04417892013539826
random,2,160,,,0.4350013770751853,0.5862204876374463,0.0035691580646093346,1.2241176219618337,3.200557852889639,0.04422809779482895
random,2,170,,,0.4364383963122174,0.5858054228920733,0.0049796747784890405,1.228075643502967,3.194521866688305,0.04782971121747048
random,2,180,,,0.42882896233427853,0.5770669062347453,0.03444389362920108,1.209588146307154,3.1885911094659876,0.05136191354876107
random,2,190,,,0.422357172426471,0.5723240875718254,0.05025016692390427,1.1940283180852698,3.192316922503047,0.04914368424370685
random,2,200,,,0.42884589053396666,0.5768445415175476,0.03518787752881458,1.2067876204844186,3.1938630415464986,0.04822241414103556
uncertainty,2,30,,,0.7751792011370373,0.9826798392147668,-1.7999435073843997,2.668731971253464,4.7557297162647405,-1.1102661070488637
uncertainty,2,40,,,0.8726337270846614,1.1454907420826241,-2.8045942205704835,3.8065167509882234,7.452839711667477,-4.182585279803398
uncertainty,2,50,,,0.7627731484251644,0.9808735662218959,-1.7896597627649848,2.674245396778531,4.938221661191196,-1.2753282321225656
uncertainty,2,60,,,0.7178451499494714,0.9409739226375441,-1.5673220602804383,2.51045888195545,4.800310349938619,-1.1500151882620915
uncertainty,2,70,,,0.6514317867285543,0.8930331073292959,-1.3123858131174417,2.324367568924345,4.725306117329267,-1.0833526633969255
uncertainty,2,80,,,0.614708046212602,0.8547646268823667,-1.1184502004547183,2.1755361748417306,4.589715046314988,-0.9655058530433682
uncertainty,2,90,,,0.6099899948766051,0.8461338876565918,-1.0758853047696753,2.124518176918802,4.46053233805211,-0.8564201761141867
uncertainty,2,100,,,0.6128778348045375,0.8604766585080085,-1.146858222843087,2.2017047863917036,4.669963957578709,-1.0348385311540973
uncertainty,2,110,,,0.6224798906150644,0.8430321095660086,-1.0606935398546176,2.0731200358435142,4.181894646568705,-0.6317329008388888
uncertainty,2,120,,,0.6079008551981134,0.8288861884884356,-0.9921176489625352,2.021649489881881,4.136380723771895,-0.5964080402119283
uncertainty,2,130,,,0.6167841981759866,0.8485556330008025,-1.0877852179859313,2.125438986121404,4.3670004893592065,-0.7793827516403196
uncertainty,2,140,,,0.5376522553171037,0.7611462312104306,-0.6798147076129193,1.7530755500782855,3.888740636787181,-0.41097998136090497
uncertainty,2,150,,,0.5236938618762195,0.7417500844432198,-0.5952927283919784,1.6776380572507341,3.779168137916951,-0.3325862387259553
uncertainty,2,160,,,0.5136289948440568,0.7433465657758608,-0.6021672699234146,1.6775032533284633,3.813159181521813,-0.35666545330927146
uncertainty,2,170,,,0.5013168304446043,0.7095631806768034,-0.4598469282681288,1.5880338337294915,3.5781569142214793,-0.19459765836054688
uncertainty,2,180,,,0.5016497514072029,0.7123863597008114,-0.47148678890411433,1.5993562029885635,3.582557755475272,-0.1975379808604767
uncertainty,2,190,,,0.5041677760564754,0.7142524567141447,-0.4792060091205901,1.6079665136281553,3.58827091153197,-0.20136048820369568
uncertainty,2,200,,,0.48797274924611617,0.7044497479551378,-0.43888210994176746,1.566947570615992,3.6228329458381037,-0.22461482417396406
geographic,2,30,,,0.7751792011370373,0.9826798392147668,-1.7999435073843997,2.668731971253464,4.7557297162647405,-1.1102661070488637
geographic,2,40,,,0.43684088454916076,0.5933517336691246,-0.02082102911643413,1.2010349810628207,3.2997699150920354,-0.01594503571310102
geographic,2,50,,,0.42592448270937555,0.5901710665291493,-0.009906122415448637,1.1811224320594282,3.3060458675505813,-0.01981323640810162
geographic,2,60,,,0.453082132795732,0.6200867684592883,-0.11488508507935258,1.2883718927406684,3.299694448725157,-0.015898566531284297
geographic,2,70,,,0.4679771892413346,0.674353361205083,-0.3185610109867292,1.4238920775935564,3.48611177300227,-0.13392808054987948
geographic,2,80,,,0.4655353065087909,0.6771680642456929,-0.3295911425839664,1.435596265581053,3.507330897916508,-0.14777398670723607
geographic,2,90,,,0.4681658795794769,0.6901743644469327,-0.3811562872819736,1.4749833336868454,3.610219068559074,-0.21610201134088247
geographic,2,100,,,0.4678911225690862,0.6940179961223267,-0.39658264466709836,1.5468699554683243,3.6002204435103065,-0.20937526709796117
geographic,2,110,,,0.45461885310871464,0.6383337848632331,-0.18146493963127197,1.360018361281109,3.2373691498810633,0.022115994076906786
geographic,2,120,,,0.4446654927100856,0.6253874520913971,-0.1340272830698297,1.3300163170177735,3.211328739280447,0.03778432568680856
geographic,2,130,,,0.4496285661915997,0.6451041460297383,-0.2066597958301417,1.3928878820048207,3.297570465006523,-0.014591137867324022
geographic,2,140,,,0.45004409204203333,0.646648812782821,-0.212445276418588,1.3996200016059486,3.306180203346303,-0.019896114995648473
geographic,2,150,,,0.42180113875783076,0.5963666896415077,-0.031221436193203722,1.2652525295119363,3.1397356987056355,0.08020916653536192
geographic,2,160,,,0.41771036301806336,0.5891942209147629,-0.006565714926020316,1.2565428320119116,3.1238077248252774,0.08951774840437665
geographic,2,170,,,0.4126264678475324,0.5737100668134151,0.045644638539732996,1.2164173099618851,3.109428599689878,0.09788049527289266
geographic,2,180,,,0.4061383016271049,0.5620355706273186,0.08409004012076982,1.189411090690378,3.1067734273044834,0.09942049533558517
geographic,2,190,,,0.40967147193564757,0.5628677956692695,0.08137559433024988,1.1895174500058547,3.110127883648062,0.09747469169014378
geographic,2,200,,,0.40473381238509176,0.5574853591133068,0.09886032864870686,1.1796808052177707,3.091514551613011,0.108245139053466
hybrid,2,30,0.3,0.7,0.7751792011370373,0.9826798392147668,-1.7999435073843997,2.668731971253464,4.7557297162647405,-1.1102661070488637
hybrid,2,40,0.3,0.7,0.44175848820950464,0.583374349885328,0.013221140777598173,1.2000789798783533,3.2292740361150214,0.02700032128320129
hybrid,2,50,0.3,0.7,0.439781276441339,0.5943964119755082,-0.024418788496249677,1.2064859330862627,3.298229257387705,-0.01499657070709648
hybrid,2,60,0.3,0.7,0.4634304387973221,0.6222179733302143,-0.12256185491350458,1.3023656661530914,3.2902667251234323,-0.010101709456517227
hybrid,2,70,0.3,0.7,0.4525838784578711,0.6231531365775435,-0.12593870199151258,1.2970259947288965,3.3005388849025157,-0.016418597270241975
hybrid,2,80,0.3,0.7,0.4634853140850535,0.6565985417219633,-0.2500431495578379,1.381480880018344,3.390849528925528,-0.07280288188494133
hybrid,2,90,0.3,0.7,0.415461460866458,0.5975721617696774,-0.035394590416561345,1.2090153314577947,3.2797205259658924,-0.0036367859520132217
hybrid,2,100,0.3,0.7,0.4346154796496507,0.6286152068804064,-0.1457633929854525,1.291145938363301,3.333421336145093,-0.0367721367131999
hybrid,2,110,0.3,0.7,0.44444080419962007,0.6483468314667461,-0.2188210949702074,1.354267654432984,3.413425580154159,-0.08713573802219265
hybrid,2,120,0.3,0.7,0.42877456901044714,0.6093267211140055,-0.07652872976408842,1.2588511323277023,3.2879304574644848,-0.008667764833743208
hybrid,2,130,0.3,0.7,0.39198742702563744,0.5623848338779186,0.08295134676533111,1.127658223243247,3.2658704092181927,0.004821944585198579
hybrid,2,140,0.3,0.7,0.39390952938244833,0.5665337139325479,0.06937075593313902,1.1460095955373775,3.2466633387027923,0.01649310431808959
hybrid,2,150,0.3,0.7,0.38749045348275113,0.5621195295315133,0.08381637580377022,1.1229379212783506,3.258839290410155,0.00910238568446431
hybrid,2,160,0.3,0.7,0.3932526007117599,0.5629828557628495,0.08099998991990698,1.1424159188859146,3.2368480842024816,0.02243075631950653
hybrid,2,170,0.3,0.7,0.39852740502624734,0.5726212571425092,0.04926362789958483,1.168066836523994,3.236773517133516,0.022475796205026932
hybrid,2,180,0.3,0.7,0.40342482736334295,0.580267659897049,0.023703100494888107,1.1924682260900723,3.238904528770046,0.021188216967186646
hybrid,2,190,0.3,0.7,0.40873486205268383,0.588361899537371,-0.0037238865917195163,1.2147195695515,3.2486590204705132,0.015283634891214759
hybrid,2,200,0.3,0.7,0.3925416506121442,0.555072646589907,0.10664344312765295,1.1464433783073542,3.2132012602872955,0.03666186547546113
random,3,30,,,0.4942283076189447,0.624108050852741,-0.12939210267454193,1.3315281529904188,3.283768059240389,-0.0061155092984357395
random,3,40,,,0.42926730587158324,0.583723936863084,0.012038132305262184,1.202331546861583,3.268417703601755,0.003268912912104849
random,3,50,,,0.4208357705093161,0.5812786130429954,0.020298291759988873,1.1867538388584657,3.274661672804726,-0.0005430251594258362
random,3,60,,,0.43064770747887493,0.6091888212918556,-0.07604151554340599,1.2432763049581945,3.330259241491043,-0.0348060986019787
random,3,70,,,0.42071188653310476,0.6007734062922656,-0.04651769701148911,1.2231636752050432,3.3236766708897214,-0.030719358356227522
random,3,80,,,0.4291013446675586,0.5973486493556208,-0.034620189334817475,1.230882777285458,3.286675071174344,-0.007897659773022925
random,3,90,,,0.41603873389448753,0.5867633756159043,0.0017227510593171846,1.1997681008462175,3.278227043232285,-0.0027229441052405434
random,3,100,,,0.4135394580500613,0.5760027436107636,0.038001752518699194,1.1768438814795734,3.2340836600036615,0.024099825739031355
random,3,110,,,0.4035635029765611,0.5742440006526223,0.043867435145470424,1.1609066036839983,3.2546457981917687,0.011650929825256062
random,3,120,,,0.40335054527734376,0.5754002116320762,0.04001331079116954,1.1623436847842592,3.260704828179221,0.007967573030311259
random,3,130,,,0.40073228353796075,0.5702063319819309,0.05726583099020599,1.1643684930546703,3.2374026121588027,0.022095778652714393
random,3,140,,,0.3961336219533036,0.5688791449145838,0.06164925651870212,1.157724594402534,3.2363316992268736,0.02274264108552504
random,3,150,,,0.3937199777420435,0.5620121654730253,0.08416632201000696,1.1504929348088795,3.2156095713501225,0.0352172704243876
random,3,160,,,0.39556398969849055,0.5635367235736735,0.07919085878836973,1.1544156329609376,3.2170589313087725,0.03434736843207764
random,3,170,,,0.3877518368551921,0.5614101038979576,0.0861274643489891,1.1413156991496787,3.217885536590546,0.03385106660428272
random,3,180,,,0.390741947205281,0.5622913817648975,0.08325609543130696,1.1458370896012255,3.2173169831580646,0.0341924452884107
random,3,190,,,0.3919396033326258,0.5638460406880708,0.07817974387114379,1.1490106769296244,3.2198521542986307,0.032669777718807524
random,3,200,,,0.40076735708811206,0.5709397648020379,0.05483907133606303,1.170863968183064,3.225710317763539,0.029146675829622715
uncertainty,3,30,,,0.4942283076189447,0.624108050852741,-0.12939210267454193,1.3315281529904188,3.283768059240389,-0.0061155092984357395
uncertainty,3,40,,,0.4572983289755212,0.6056965952064748,-0.06373988024374833,1.2651584494106296,3.291034396821251,-0.01057311011715667
uncertainty,3,50,,,0.43437618519222376,0.59199709467717,-0.016165222601386642,1.2060375961286633,3.2924788011633335,-0.011460367028720109
uncertainty,3,60,,,0.41565328100352156,0.586713294253432,0.0018931534846972076,1.1745593482815082,3.299656935841622,-0.015875467987721104
uncertainty,3,70,,,0.44177958335606127,0.5946478197143923,-0.025285554420447554,1.2199002417394815,3.2891034958634835,-0.009387620136109387
uncertainty,3,80,,,0.4030789201560765,0.5756277939959168,0.03925377250319728,1.155013180313386,3.2749135412489885,-0.0006969432931156483
uncertainty,3,90,,,0.39847701115740775,0.5699608574859548,0.05807735260725233,1.1463799492950388,3.2579712846405866,0.009630175012712572
uncertainty,3,100,,,0.3950222933997394,0.5697885231154154,0.058646869281490766,1.142701594548706,3.257083708227767,0.010169718846549047
uncertainty,3,110,,,0.40091399088838275,0.5827881284389785,0.015203333800469787,1.1595773005252434,3.289054484902837,-0.00935753857230015
uncertainty,3,120,,,0.3915416560736625,0.5757091758377643,0.038982094083950924,1.141245920475899,3.2852007684973192,-0.0069936379816299965
uncertainty,3,130,,,0.3975867189996698,0.5759999191135305,0.03801118703878259,1.1558022348266566,3.2794303885326506,-0.003459222212276458
uncertainty,3,140,,,0.39446025071962837,0.5675735843666887,0.06595128786590176,1.140122179937136,3.2605781815979262,0.008044633102984866
uncertainty,3,150,,,0.39924748793515513,0.5730784307775018,0.04774490987113145,1.1534246696399335,3.2630161397518136,0.006560693968479692
uncertainty,3,160,,,0.3973596780843925,0.5715787153889299,0.05272238900950943,1.1470079521309768,3.2742146285753426,-0.0002698632273634427
uncertainty,3,170,,,0.39904121221399225,0.5746912471603295,0.04237749889050779,1.1512037063396807,3.276960302374352,-0.0019481687779479007
uncertainty,3,180,,,0.40754141201835964,0.5747789382822959,0.04208523274323217,1.1662179720330375,3.271367637884151,0.001468887112743289
uncertainty,3,190,,,0.41957184812913745,0.5769130640998035,0.03495864646252955,1.1864908168572985,3.264742640495228,0.0055091346832361054
uncertainty,3,200,,,0.4185282476912019,0.5762259365572966,0.037256086548931866,1.184833173495106,3.2639772112488576,0.005975403080501707
geographic,3,30,,,0.4942283076189447,0.624108050852741,-0.12939210267454193,1.3315281529904188,3.283768059240389,-0.0061155092984357395
geographic,3,40,,,0.4427253236685246,0.5962305721087885,-0.030750748272594386,1.2320463951602367,3.286811198987029,-0.007981151899384642
geographic,3,50,,,0.4367009994303777,0.5948909381437728,-0.026124090309615378,1.2279654152610948,3.292153228597812,-0.011260342982940319
geographic,3,60,,,0.4230384783123078,0.5920194450840056,-0.016241953163321332,1.2011921656476845,3.2973915554231104,-0.014481047632374677
geographic,3,70,,,0.41584507181591523,0.5884635076473078,-0.004070595967210933,1.177861889606554,3.299064609630116,-0.015510778160668925
geographic,3,80,,,0.38481971369825785,0.5637905239977923,0.07836126111707975,1.1152637848295337,3.288004579960463,-0.00871324378535343
geographic,3,90,,,0.38266306339718326,0.5620649474675119,0.08399429086533716,1.1121620702065413,3.288525382140093,-0.009032818560097855
geographic,3,100,,,0.3866164778151565,0.5646848214266262,0.07543509326917675,1.1160421189984255,3.289369388323413,-0.00955082534141738
geographic,3,110,,,0.38503633994308384,0.5654109074536432,0.07305590675521068,1.1136888293719158,3.2907342523225243,-0.010388788659770887
geographic,3,120,,,0.3779498885358846,0.5618982982963698,0.08453739166782215,1.101322208272304,3.291452778537876,-0.010830070170891215
geographic,3,130,,,0.37884352455399023,0.5621983756717622,0.08355933933746795,1.1029700334072159,3.291132285213874,-0.010633227901801545
geographic,3,140,,,0.3726971335468242,0.5624691877465895,0.08267622411450759,1.0934028280493344,3.296697893532649,-0.014054266153006312
geographic,3,150,,,0.3737103357369567,0.5656471223129013,0.07228123579190604,1.098760183843801,3.2987502257408563,-0.015317241474444243
geographic,3,160,,,0.3770526411454861,0.5647283340993147,0.07529260018757356,1.105670063296905,3.291031720392083,-0.010571466423459075
geographic,3,170,,,0.3811384230214558,0.5647210488575484,0.07531645829105671,1.1136054309074845,3.2890345371709917,-0.00934529533792916
geographic,3,180,,,0.3786518221041111,0.5637286652021687,0.07856349344390012,1.109030405728362,3.2900660310808525,-0.009978488313797218
geographic,3,190,,,0.375854332405783,0.5592339844414747,0.09319837929342056,1.1044668543907592,3.279471667595665,-0.003484483987799658
geographic,3,200,,,0.3687879219670571,0.5550831980423703,0.10660947892893935,1.0892662879857,3.2814664635223845,-0.004705629198283878
hybrid,3,30,0.3,0.7,0.4942283076189447,0.624108050852741,-0.12939210267454193,1.3315281529904188,3.283768059240389,-0.0061155092984357395
hybrid,3,40,0.3,0.7,0.4427253236685246,0.5962305721087885,-0.030750748272594386,1.2320463951602367,3.286811198987029,-0.007981151899384642
hybrid,3,50,0.3,0.7,0.4291380136828586,0.5808686763810255,0.02167963978401044,1.2118536838980933,3.2321205565702202,0.025284217818285937
hybrid,3,60,0.3,0.7,0.38109469965677467,0.567210225682568,0.06714685468091741,1.114255030498006,3.289094109771985,-0.009381859179633967
hybrid,3,70,0.3,0.7,0.3783814145148713,0.5625029412788934,0.08256612440624722,1.1035111373327202,3.289779993232709,-0.009802881190643653
hybrid,3,80,0.3,0.7,0.373014394994093,0.5610954722688293,0.08715150232568458,1.095527980105988,3.2920013467629796,-0.01116703715980627
hybrid,3,90,0.3,0.7,0.3745569998019903,0.5578931909630694,0.09754137782275407,1.0968951552478867,3.288145698810571,-0.008799832173135291
hybrid,3,100,0.3,0.7,0.37242828048233995,0.5570981495409097,0.10011169327717107,1.0930020518587105,3.287945910372378,-0.008677246108907077
hybrid,3,110,0.3,0.7,0.36876539625082094,0.5583031958894686,0.0962144268898385,1.0856800352796008,3.2921615627343908,-0.011265463031672862
hybrid,3,120,0.3,0.7,0.36840066648142544,0.558880801094419,0.09434339589931262,1.0856017249487968,3.294205044240929,-0.012521260223307129
hybrid,3,130,0.3,0.7,0.3673673709102999,0.559032896547012,0.09385039276104701,1.088070522805936,3.291095567436199,-0.010610677608494212
hybrid,3,140,0.3,0.7,0.3673344249290149,0.5574547143273226,0.09895939662571762,1.0884297549726614,3.2871977348671018,-0.008218247228670705
hybrid,3,150,0.3,0.7,0.36272061485272444,0.5557383787475754,0.10449924509033526,1.0812708862891578,3.28798279665969,-0.008699878213218826
hybrid,3,160,0.3,0.7,0.3688364484646241,0.5598895581336896,0.0910710989558039,1.0907544844364039,3.2898245877851435,-0.009830258105111955
hybrid,3,170,0.3,0.7,0.3724449007666957,0.5609370359195067,0.08766695101941979,1.098087909368763,3.284129052404517,-0.00633673124738765
hybrid,3,180,0.3,0.7,0.3757392959634127,0.5619735390018127,0.08429220614460364,1.103467577443619,3.283748892196456,-0.006103764130360512
hybrid,3,190,0.3,0.7,0.36880120724593995,0.5569615642436423,0.1005528954053938,1.089349713783179,3.2799543663803075,-0.003779907420253581
hybrid,3,200,0.3,0.7,0.3711897286395334,0.560338280117148,0.08961359787877199,1.0924986036769924,3.2860489158226045,-0.007513660513295273
random,4,30,,,0.38202728886284787,0.5759655835584224,0.038125872594552246,1.1033970705763778,3.307616438614063,-0.020782412077701817
random,4,40,,,0.3663589446001125,0.56498539866386,0.07445055422161395,1.0791423346504845,3.301176107412398,-0.016811107314968377
random,4,50,,,0.3833344551205146,0.5743964980685979,0.043359542661415396,1.1047100474391842,3.3011742742193255,-0.01680997801407713
random,4,60,,,0.3867882906197185,0.5611002255136786,0.08713603611355925,1.116440761903911,3.2482302547175324,0.01554354815929393
random,4,70,,,0.3871407461267456,0.5579937637206073,0.09721597168883034,1.122717663488248,3.2216966324949317,0.031561198529915346
random,4,80,,,0.4078707516373386,0.5702576818061383,0.05709602784744927,1.1668543571307577,3.2073177222564953,0.04018647974083689
random,4,90,,,0.4118420221506974,0.5738179458486327,0.045285695508045065,1.1789115107376396,3.19966345040498,0.04476220800893571
random,4,100,,,0.4287997169401954,0.5817847971314095,0.018591277853828303,1.2120565651025548,3.197758264950814,0.04589942969422289
random,4,110,,,0.4239455704532708,0.5812463626404838,0.020407000035942646,1.2037406842613756,3.1988584200004113,0.04524282026020876
random,4,120,,,0.40154797177081464,0.5643363371499843,0.07657589572003942,1.1506751149616747,3.2086875649404956,0.03936643357378111
random,4,130,,,0.39178929091004777,0.5604355879225146,0.08929737677449556,1.1328439060598017,3.207342710020693,0.0401715241365459
random,4,140,,,0.3814425680512021,0.5565602213683455,0.10184869981264322,1.1108476828776348,3.227150679155993,0.028279461037183706
random,4,150,,,0.379661352770915,0.5538264074127356,0.1106504361806172,1.1071672543931808,3.226976071329708,0.028384609781609282
random,4,160,,,0.37661903083109594,0.5490358950537767,0.1259693662563216,1.1013095243126096,3.219168758945113,0.03308035484687322
random,4,170,,,0.3814564443082381,0.5513575583363428,0.1185618535055114,1.1110065280002501,3.217427644926944,0.034126004952546696
random,4,180,,,0.39640799462050147,0.5543530125738163,0.10895835822106137,1.1379580671621428,3.1900046445527384,0.05052064516501731
random,4,190,,,0.38644200340616625,0.5503461835941323,0.12179259421971023,1.1185209866383095,3.200026415263985,0.04454547432964595
random,4,200,,,0.38828323143586735,0.5457827131525723,0.1362964023417036,1.1249425451567316,3.1510745902240633,0.0735536757877997
uncertainty,4,30,,,0.38202728886284787,0.5759655835584224,0.038125872594552246,1.1033970705763778,3.307616438614063,-0.020782412077701817
uncertainty,4,40,,,0.3997594032253905,0.5873324388739772,-0.00021451496821356386,1.1355433668102104,3.325510926500271,-0.031857329730622386
uncertainty,4,50,,,0.40100902760001655,0.5438434658952249,0.14242323320747685,1.141544176174516,3.1048835958074648,0.10051579624008933
uncertainty,4,60,,,0.39311936555900173,0.5419709567718461,0.1483185171186927,1.125171530846016,3.1411271261746974,0.07939374387444442
uncertainty,4,70,,,0.39207460666436306,0.5417684698282175,0.14895479536472056,1.1227095898756079,3.146153086702468,0.07644535485407833
uncertainty,4,80,,,0.3969989180614044,0.5427037796699399,0.14601376760115747,1.1327440504133441,3.128254748690278,0.08692359494000568
uncertainty,4,90,,,0.3889578628274689,0.5400608541260952,0.15431120849048263,1.1203429560503726,3.1130719158394173,0.09576523070174658
uncertainty,4,100,,,0.3864676062844998,0.5404537415533519,0.15308030516295645,1.1154637159783996,3.1171429896945866,0.09339868495557357
uncertainty,4,110,,,0.3923763233291186,0.5490731911806723,0.12585061604376324,1.125234326608445,3.180440198297572,0.05620567157009404
uncertainty,4,120,,,0.3981312317196591,0.5582122874798443,0.09650872941402067,1.1390102033537848,3.190285664808963,0.05035335093566207
uncertainty,4,130,,,0.3959878850032757,0.5570720552243932,0.10019599231991683,1.1322932973628688,3.207222344478412,0.04024356390131234
uncertainty,4,140,,,0.39671691680506194,0.5581234992867306,0.09679612178942565,1.1338491882267634,3.2042825363263105,0.04200222380613383
uncertainty,4,150,,,0.3961848994274799,0.5579096454711164,0.09748814278820928,1.1325822613611722,3.1991144019860194,0.04509000923491213
uncertainty,4,160,,,0.38883426049717634,0.5555936934903938,0.10496546767241899,1.1200354249623967,3.1995118853373508,0.04485270330866131
uncertainty,4,170,,,0.38673246678222434,0.5552419648005622,0.1060983447342494,1.116694970263545,3.2006730988321483,0.044159265533779024
uncertainty,4,180,,,0.39154936904970283,0.5592245441137073,0.09322899414338837,1.1286534125989878,3.199595544910426,0.0448027530271059
uncertainty,4,190,,,0.38797546052248755,0.5577756417970899,0.09792163728500602,1.1221021778292715,3.2027411160333092,0.042923691884127035
uncertainty,4,200,,,0.38809527034784,0.5574592185001719,0.09894483594872117,1.1229077066216373,3.1948782595487155,0.04761724397737921
geographic,4,30,,,0.38202728886284787,0.5759655835584224,0.038125872594552246,1.1033970705763778,3.307616438614063,-0.020782412077701817
geographic,4,40,,,0.37522988131632407,0.5821672544350925,0.01730052460801068,1.0943430757061068,3.327405496496047,-0.03303337927516914
geographic,4,50,,,0.3723964303531264,0.5809172139337425,0.021516135494897726,1.088484515081096,3.3233924202508303,-0.030543065571597694
geographic,4,60,,,0.36621290426251424,0.5772976016215768,0.03367173406998225,1.076872531808282,3.316633056864844,-0.026355337859645722
geographic,4,70,,,0.37224275542359947,0.5732022148061845,0.047333494276498134,1.0903345956031334,3.321818313828903,-0.029567074726602804
geographic,4,80,,,0.39554678651926795,0.5752252635178198,0.040596982210326926,1.1326041176555492,3.2668660112921315,0.004215091137351523
geographic,4,90,,,0.4068140835160112,0.5814626448591349,0.01967784978485332,1.1563517972239417,3.266836036080453,0.004233364752729063
geographic,4,100,,,0.392144396870533,0.5738618650049668,0.045139545141938076,1.1224528226141512,3.3043395849227646,-0.018760836871037467
geographic,4,110,,,0.38930723025984976,0.5733242127201792,0.04692792817201752,1.118310043628852,3.304148840713927,-0.01864322358332604
geographic,4,120,,,0.3814740428545737,0.5706061737921867,0.055943233619142996,1.1047423489984267,3.30644935840294,-0.02006218057804543
geographic,4,130,,,0.37725980218209076,0.5682938336203068,0.06357917343397135,1.0969570435341611,3.3061769266488157,-0.01989409339417758
geographic,4,140,,,0.3735649768902122,0.5673055301911994,0.06683334630015425,1.0914776284722316,3.3068374355264583,-0.020301643509482936
geographic,4,150,,,0.3755880816195355,0.5654141932451312,0.07304513316092276,1.094679893875635,3.301226767531146,-0.016842315687388698
geographic,4,160,,,0.38170252277881084,0.5665193344526234,0.06941799688059169,1.104550871798771,3.2982263187585743,-0.01499476204133754
geographic,4,170,,,0.3804475559792067,0.5662369963870052,0.070345320047565,1.1023780416320847,3.298221560463161,-0.014991833411843958
geographic,4,180,,,0.38124091391093473,0.5584271345519919,0.09581311660163294,1.1034864173195214,3.274260310239724,-0.00029777484350757
geographic,4,190,,,0.3746070761341379,0.5544692829772909,0.10858454358090408,1.0918609441610403,3.27014168428309,0.002217151185667121
geographic,4,200,,,0.36869471739803145,0.5449072280995577,0.1390650980055257,1.08035548277612,3.247192114471285,0.016172715715818686
hybrid,4,30,0.3,0.7,0.38202728886284787,0.5759655835584224,0.038125872594552246,1.1033970705763778,3.307616438614063,-0.020782412077701817
hybrid,4,40,0.3,0.7,0.37522988131632407,0.5821672544350925,0.01730052460801068,1.0943430757061068,3.327405496496047,-0.03303337927516914
hybrid,4,50,0.3,0.7,0.3723964303531264,0.5809172139337425,0.021516135494897726,1.088484515081096,3.3233924202508303,-0.030543065571597694
hybrid,4,60,0.3,0.7,0.36621290426251424,0.5772976016215768,0.03367173406998225,1.076872531808282,3.316633056864844,-0.026355337859645722
hybrid,4,70,0.3,0.7,0.365796839274744,0.5771743832616587,0.03408419612302205,1.0799579919016769,3.3278453138020905,-0.03330649055432433
hybrid,4,80,0.3,0.7,0.3805805433396248,0.578576869072647,0.029384302528571604,1.1036884969513943,3.322970360650028,-0.03028133122233001
hybrid,4,90,0.3,0.7,0.3878601728519198,0.576903096720078,0.03499199238976336,1.1155761495312868,3.3149278275893037,-0.02530021887685896
hybrid,4,100,0.3,0.7,0.38392346263755156,0.5788126803447524,0.028592951275299483,1.1097271328877192,3.320687426573168,-0.028866177819445005
hybrid,4,110,0.3,0.7,0.38713054247949236,0.579680967343109,0.02567631594993225,1.1152195751526874,3.3205691718023975,-0.028792900119990472
hybrid,4,120,0.3,0.7,0.3821289184217118,0.5766914142316452,0.03570004135085392,1.106287802960773,3.3201704073928453,-0.02854582117713922
hybrid,4,130,0.3,0.7,0.375605388072082,0.572956586822609,0.04814979054937896,1.0958987261457949,3.3182538198119316,-0.027358695858963333
hybrid,4,140,0.3,0.7,0.3769266331451137,0.5700840468380037,0.057670140853072205,1.0978648855580526,3.3101112673710364,-0.022322879542393537
hybrid,4,150,0.3,0.7,0.3772606620531458,0.5695136957946465,0.05955474003125716,1.0984550747265063,3.3068712800143265,-0.020322528578059496
hybrid,4,160,0.3,0.7,0.3749210239069153,0.5618656923301768,0.08464363394294783,1.0938274790538594,3.2893572122225345,-0.009543351343523465
hybrid,4,170,0.3,0.7,0.3742374873635054,0.5592085416799792,0.09328088863002337,1.0925823340880625,3.284599912512458,-0.006625317830241784
hybrid,4,180,0.3,0.7,0.3730134619637606,0.558022794737229,0.0971220300657395,1.0907846970338937,3.282111177948257,-0.005100459894932463
hybrid,4,190,0.3,0.7,0.3715259501011052,0.5580647894960402,0.0969861303510462,1.0875167010873288,3.279779704347521,-0.003673004975010219
hybrid,4,200,0.3,0.7,0.37437378055217285,0.5568664953667348,0.10085992602895444,1.0918447479950308,3.2719238538197435,0.0011293067325185424
random,5,30,,,0.38324177396505765,0.5991547148728134,-0.04088593268167351,1.112408174217683,3.3553498849943946,-0.05045758820803514
random,5,40,,,0.38256884357167026,0.5967285246789553,-0.032473166878803195,1.109630561933401,3.3524787670436713,-0.04866063863455383
random,5,50,,,0.37477098805147135,0.5932421442651846,-0.020443981808028866,1.0983912959489222,3.350434642308053,-0.04738221762885875
random,5,60,,,0.38257510611170537,0.5916546574307934,-0.014989972984789768,1.1075544684706402,3.344850811829554,-0.043893994815396464
random,5,70,,,0.37167496968844277,0.5775642708915423,0.03277878190985761,1.0910171302356824,3.32985991487875,-0.03455794924835409
random,5,80,,,0.364992598289541,0.5699792365322979,0.05801660485983229,1.0795543909695213,3.3183315396219135,-0.02740682180835452
random,5,90,,,0.3633769210824162,0.5619668271220549,0.08431407935918167,1.0760247650211496,3.2890079275060113,-0.00932896335283906
random,5,100,,,0.36392509837967335,0.561507264791063,0.08581111679977493,1.0771329033268944,3.2881576520982985,-0.008807166700054658
random,5,110,,,0.36449343278354285,0.5566660265392244,0.10150718031154993,1.0775594902623244,3.271249385206101,0.0015410751742140905
random,5,120,,,0.3583644808700656,0.555113076397564,0.1065132996253324,1.0682796504004541,3.2721710909299366,0.0009783452522634795
random,5,130,,,0.354735647170579,0.5542567976315554,0.10926763436200149,1.062611249390338,3.2711528196814084,0.0016000222464312985
random,5,140,,,0.35172574930223427,0.5509775929421282,0.11977631256162946,1.0569662437557408,3.2643979028804444,0.005719148363164117
random,5,150,,,0.3477601187305619,0.5476503355343547,0.1303752471651578,1.0509210279864207,3.2601085526980516,0.008330359948301558
random,5,160,,,0.35721573038452276,0.5516270528797851,0.11769997786500375,1.0743366381860413,3.2512114945776567,0.013735642058494535
random,5,170,,,0.35750957193906735,0.5517089682034775,0.11743791944063398,1.0730912734460503,3.247619949076752,0.0159134498195711
random,5,180,,,0.35544363904230164,0.5529139072067631,0.1135786573630797,1.069893296688196,3.2503970877578787,0.014229685475767861
random,5,190,,,0.35488370707034583,0.5475067160652826,0.13083129972474694,1.0690554744583673,3.2226191903060455,0.031006479197426717
random,5,200,,,0.3552432535386138,0.5449112500569187,0.13905238884673066,1.0693480538847508,3.225469678582084,0.029291522459951036
uncertainty,5,30,,,0.38324177396505765,0.5991547148728134,-0.04088593268167351,1.112408174217683,3.3553498849943946,-0.05045758820803514
uncertainty,5,40,,,0.4138881482683812,0.5918045120193203,-0.015504192436785358,1.1623148486641302,3.3199983782972806,-0.028439239163728702
uncertainty,5,50,,,0.4900674842926672,0.6178224246519366,-0.10675759714058008,1.310487238336917,3.276436364113528,-0.0016278005306091803
uncertainty,5,60,,,0.48312811187455806,0.6077468647234916,-0.07095354037416479,1.3012373789756257,3.2449239974016364,0.017546614189096976
uncertainty,5,70,,,0.4806379416421619,0.6084783566706525,-0.07353311877283786,1.2924104145329753,3.2682127664825416,0.0033939035419054964
uncertainty,5,80,,,0.475270884170411,0.605495021020831,-0.06303197855772225,1.282364607482577,3.2707726714436194,0.001832061505653848
uncertainty,5,90,,,0.39180146068868255,0.540923741539479,0.15160663481817938,1.139492280784373,3.1485450270093076,0.07504051073048346
uncertainty,5,100,,,0.43579827317612535,0.5849659040458484,0.007829562199567985,1.2060644746469802,3.273006862805308,0.0004679435587409131
uncertainty,5,110,,,0.3816138242023559,0.53604863233656,0.16683011997796482,1.1246105835203901,3.1424110893449178,0.07864097834724448
uncertainty,5,120,,,0.3880554484078373,0.5407910656207446,0.15202276580374197,1.1417542226638266,3.136468848267867,0.08212222937844693
uncertainty,5,130,,,0.3875278952446758,0.541407503980249,0.15008847490519306,1.1399503824560486,3.1397236669090285,0.08021621599180484
uncertainty,5,140,,,0.4235964081474923,0.5766046721267801,0.035990106766693786,1.1856470383595779,3.2560940800028044,0.010771125047397967
uncertainty,5,150,,,0.3887733250296392,0.5351662715958009,0.16957073453254312,1.1323299115265402,3.139954175755482,0.08008115564611973
uncertainty,5,160,,,0.3942452692411103,0.5381159546765781,0.16039133080659962,1.1418478849859615,3.142778258644988,0.07842565673515034
uncertainty,5,170,,,0.39032716287325203,0.5367462084304716,0.16466025134497353,1.1344623077523461,3.1420463682502953,0.07885483933508397
uncertainty,5,180,,,0.3991663562782577,0.5412767716202018,0.1504988775089442,1.1746785177127257,3.0743013517972044,0.11814787181171538
uncertainty,5,190,,,0.39650467543664325,0.5393855445012653,0.1564248396268746,1.1672469823724045,3.08211600541597,0.11365896404502052
uncertainty,5,200,,,0.39811814321876143,0.5447873069413819,0.13944399901628723,1.1705428044698536,3.0993847406487385,0.10369900959787748
geographic,5,30,,,0.38324177396505765,0.5991547148728134,-0.04088593268167351,1.112408174217683,3.3553498849943946,-0.05045758820803514
geographic,5,40,,,0.38480675093574535,0.5938460754800664,-0.022522700154880226,1.1142231415325692,3.3467759226952283,-0.04509595573724545
geographic,5,50,,,0.40353324503508337,0.5912007350955296,-0.013433153051436886,1.146075262419427,3.3284313558527647,-0.033670458418221694
geographic,5,60,,,0.40081654190381866,0.5935355902942943,-0.02145375259817306,1.140706035656069,3.3325080588929072,-0.03620411328969286
geographic,5,70,,,0.38633252484839276,0.5568951074989897,0.10076752695002678,1.0951419193890652,2.8514137504338004,0.24138159601200992
geographic,5,80,,,0.4058483996954001,0.5564968023234645,0.10205337362938527,1.1205742923686761,2.8808709579618315,0.22562645762319666
geographic,5,90,,,0.37204013118523105,0.5418248922500833,0.1487775221026033,1.09329227191501,3.2230705482227915,0.030735027003146342
geographic,5,100,,,0.36691043215281627,0.542769937710919,0.14580554535558155,1.0821463101982887,3.2370632003843696,0.02230081636213077
geographic,5,110,,,0.36505657752327036,0.541588456726282,0.14952025402089575,1.0791545232876412,3.228774108504173,0.027301560352385956
geographic,5,120,,,0.361872140994999,0.542195687606741,0.14761206312667674,1.0745980203098888,3.2324328676993814,0.02509584038087409
geographic,5,130,,,0.35748001981215316,0.5380672437696873,0.16054332871070076,1.0634942894904376,3.224412323546665,0.029927842355859435
geographic,5,140,,,0.35937077671629597,0.5390226902781234,0.15755943381425896,1.0666693728485006,3.22337250886203,0.030553402942086638
geographic,5,150,,,0.36074738442802295,0.5355176128222308,0.16848000880906733,1.0684484388051065,3.217657318392376,0.03398810376571415
geographic,5,160,,,0.3585127738689718,0.5372726005173634,0.16302099672674075,1.0648564295929028,3.22272543937322,0.03094258312482212
geographic,5,170,,,0.36089401210812544,0.532099536126715,0.17906090664831842,1.0692767226346733,3.199749239257144,0.044710983963915596
geographic,5,180,,,0.3629674310209376,0.5289700325054679,0.18868909315516835,1.0716942499340718,3.1885447464638057,0.05138950027180511
geographic,5,190,,,0.3609499418190664,0.5267646012334943,0.19544017657045454,1.0684611541674942,3.18370702132117,0.05426581901835614
geographic,5,200,,,0.3596653049413671,0.5258071291712015,0.19836232982553637,1.0669490407051732,3.185334574094171,0.053298628434340856
hybrid,5,30,0.3,0.7,0.38324177396505765,0.5991547148728134,-0.04088593268167351,1.112408174217683,3.3553498849943946,-0.05045758820803514
hybrid,5,40,0.3,0.7,0.38257464329983365,0.596063100751756,-0.03017178774484397,1.1107007560913242,3.3517267779598274,-0.048190244657441594
hybrid,5,50,0.3,0.7,0.4004403233391203,0.5916782807808997,-0.015071026828839873,1.140896542342604,3.3320632304064617,-0.03592750339937889
hybrid,5,60,0.3,0.7,0.3982015414155925,0.5940226354474497,-0.023130815355952627,1.1363458824910844,3.3354754482856475,-0.038050284406331736
hybrid,5,70,0.3,0.7,0.36368220549723246,0.5831985143016519,0.013815903600635893,1.0865876179536929,3.3433092112895544,-0.04293198078796978
hybrid,5,80,0.3,0.7,0.3752618528184896,0.5768735967241279,0.035090681423079584,1.1010174692217976,3.3267267984550335,-0.03261200218283111
hybrid,5,90,0.3,0.7,0.3983232292094882,0.5773257515093234,0.0335774925718656,1.1304312098199876,3.2973038292604295,-0.014427068392080411
hybrid,5,100,0.3,0.7,0.39718927471737514,0.5760313008186794,0.037906361775238206,1.1315873040843694,3.293721644655794,-0.012224122407748839
hybrid,5,110,0.3,0.7,0.3952255751167918,0.5758660195385535,0.038458391689498383,1.1282388423531657,3.295300464724699,-0.013194758638938042
hybrid,5,120,0.3,0.7,0.37170806305646714,0.5704152501963079,0.05657488664505361,1.0906079201246415,3.3082931171952525,-0.02120012208958233
hybrid,5,130,0.3,0.7,0.3696236801281799,0.5710563231196069,0.05445311954291632,1.0871249595539156,3.3103101300643285,-0.022445720118879686
hybrid,5,140,0.3,0.7,0.3675081795908417,0.5691624376964594,0.060714456275337336,1.0817715206865708,3.3120924295637804,-0.023547003681921863
hybrid,5,150,0.3,0.7,0.36883556869569306,0.5680774493745328,0.06429214312008236,1.0839806274615629,3.310507414166661,-0.022567592867269504
hybrid,5,160,0.3,0.7,0.3705408603166518,0.567236405298698,0.06706074092718872,1.086602755114518,3.306667220293182,-0.020196608765014945
hybrid,5,170,0.3,0.7,0.37422803041000136,0.5657269621052973,0.07201932656284782,1.0919553277056295,3.2976291349697466,-0.014627241146945691
hybrid,5,180,0.3,0.7,0.3744010938806137,0.5680050347025422,0.06453068333632006,1.0938534559180377,3.303457827201138,-0.018217200022384583
hybrid,5,190,0.3,0.7,0.37159939665095437,0.5625214014725045,0.08250590681935688,1.088296041186737,3.2876498666428553,-0.008495613479565067
hybrid,5,200,0.3,0.7,0.37390944631686396,0.5639229328759813,0.07792830782557059,1.0929623109375166,3.2853106075086815,-0.007060975744211717
random,10,30,,,0.41744648192100003,0.585989193335572,0.004355289954861119,1.183379807052036,3.305493294815401,-0.019472361587533182
random,10,40,,,0.43692688145518443,0.6043006236595859,-0.05884224863310239,1.2355877324718139,3.312549965324266,-0.023829810827582287
random,10,50,,,0.395318641223683,0.5920452039753573,-0.01633038889213112,1.1546801544783807,3.3174124827267284,-0.02683779213081916
random,10,60,,,0.39412362896361686,0.5816810466642064,0.01894127852400418,1.200620122225329,3.28666240618815,-0.007889892053321468
random,10,70,,,0.39356869501789715,0.5841333966489243,0.010651612032508972,1.2021829026142763,3.293412630444591,-0.012034199275459345
random,10,80,,,0.3919656137707824,0.5594021305787419,0.09265299715799613,1.136122554807429,3.229713540275874,0.026735452768950174
random,10,90,,,0.3767896377383012,0.5547278531868913,0.10775294755766729,1.114118262394585,3.2328599277526044,0.02483822010391812
random,10,100,,,0.3915490187646071,0.5556809713023535,0.10468424492936146,1.1266032755839244,3.2242367704353523,0.030033470626946057
random,10,110,,,0.3768494018845913,0.5480818012750849,0.12900444149051093,1.1087616015450803,3.2007778945978913,0.04409667263632
random,10,120,,,0.378934395187529,0.5537412471242242,0.11092392058467726,1.1155266737813052,3.2128631047028713,0.036864617187653215
random,10,130,,,0.3736628956993766,0.5451292778594491,0.13836329289306726,1.1057213639342993,3.196542805007981,0.04662459434679622
random,10,140,,,0.3796606431848859,0.5466950026593981,0.13340658466389044,1.117891406739201,3.192689324775663,0.04892182550255708
random,10,150,,,0.3777640673772487,0.5469343413560648,0.13264764324817757,1.1145755280729117,3.194428869772625,0.0478851483782502
random,10,160,,,0.3824863883804973,0.5427885270443658,0.14574703372344822,1.122683892830018,3.17904243489245,0.057035060714903385
random,10,170,,,0.39930380831026774,0.5536517766041187,0.1112112015966561,1.1545415539158546,3.1229083816618197,0.09004192798855293
random,10,180,,,0.3951576867077131,0.5507981604346117,0.1203495301580616,1.1517781669059446,3.110225224750104,0.09741819614640312
random,10,190,,,0.3949376554863595,0.5510718257911497,0.11947520021162394,1.1539930138547776,3.106917863244276,0.0993367563222205
random,10,200,,,0.3932590400371529,0.5502602896950438,0.12206670086043214,1.1497789009890897,3.110624813370958,0.09718626144053766
uncertainty,10,30,,,0.41744648192100003,0.585989193335572,0.004355289954861119,1.183379807052036,3.305493294815401,-0.019472361587533182
uncertainty,10,40,,,0.405901396635275,0.5855883992844771,0.005716789499318198,1.1639364442577382,3.3124000780635834,-0.02373715980315949
uncertainty,10,50,,,0.39571762776466357,0.577318919973046,0.03360036392773269,1.1387220613398674,3.3033046656046445,-0.018122784918687573
uncertainty,10,60,,,0.3979800807230679,0.579043158169682,0.027819186752399583,1.1402665317882454,3.305877319426178,-0.019709255257473135
uncertainty,10,70,,,0.397470209242101,0.5787530800405187,0.028792992417530416,1.1375947109998714,3.304721207768286,-0.01899616671531912
uncertainty,10,80,,,0.404802530768007,0.5769510721067378,0.03483148516566603,1.1567008150946887,3.268627038589881,0.003141231941670708
uncertainty,10,90,,,0.40066732725159787,0.5761546190685201,0.037494382762106815,1.1507300238946705,3.2627463326301656,0.0067249750548754594
uncertainty,10,100,,,0.3985076025748379,0.5793192863173734,0.02689175849288139,1.1462456242500911,3.2608785209788174,0.007861882090512973
uncertainty,10,110,,,0.3916361247161156,0.5780156378365922,0.03126642285660175,1.1329858261498869,3.2666670419463326,0.004336384534501803
uncertainty,10,120,,,0.4115499503909423,0.5861871761356995,0.003682397589191533,1.1679183427465938,3.2637275876986775,0.006127439963378722
uncertainty,10,130,,,0.39968720836939936,0.5802479176071874,0.023769531936205124,1.1472173644443613,3.2771951494389575,-0.0020917854203821307
uncertainty,10,140,,,0.3968607667231927,0.5750206691932258,0.041279335776000625,1.1411987684006617,3.27602564227291,-0.001376695620915358
uncertainty,10,150,,,0.398264721673358,0.5693304342674352,0.06015988686575158,1.14277959946906,3.2547384620413156,0.011594649947827662
uncertainty,10,160,,,0.3937133124207722,0.5689019168442251,0.06157413165263381,1.1349343932202138,3.259565760713515,0.00866054866045729
uncertainty,10,170,,,0.3914308191180716,0.5683390141165618,0.06343027285850011,1.1260540526789378,3.2591349435419783,0.008922582235358467
uncertainty,10,180,,,0.3923500417991007,0.5541862070028395,0.1094945088141297,1.1313461360744321,3.1867004665943504,0.0524865507599207
uncertainty,10,190,,,0.40102161631359207,0.5594305338990457,0.09256085477808573,1.1500348687225155,3.1911883834529147,0.0498158536013068
uncertainty,10,200,,,0.3988840672298527,0.5596578844515124,0.09182314491185428,1.1464654142107726,3.191419354131986,0.049678304454511046
geographic,10,30,,,0.41744648192100003,0.585989193335572,0.004355289954861119,1.183379807052036,3.305493294815401,-0.019472361587533182
geographic,10,40,,,0.41826949176231454,0.6053780108943139,-0.06262116266851114,1.2145822008919287,3.3504810524986537,-0.04741123448798801
geographic,10,50,,,0.4164018208687983,0.5843259320395849,0.009999309075179985,1.1675423481944585,3.305305862427906,-0.01935674996519343
geographic,10,60,,,0.4143716124847937,0.5885719611751189,-0.004440729481134609,1.16564669416035,3.310978138517189,-0.02285841335333849
geographic,10,70,,,0.4022380285308408,0.5849747865482735,0.007799430449427436,1.139104707710866,3.3176437093358704,-0.0269809401394967
geographic,10,80,,,0.4039005760847072,0.584949258583863,0.007886026688244896,1.1422279201561614,3.3159020569941675,-0.025902961654299617
geographic,10,90,,,0.38069016649365534,0.5727297339405725,0.048903380686083686,1.10606433443459,3.3113383538685,-0.023080987668162578
geographic,10,100,,,0.3731678979054769,0.5694892375453833,0.059635514737270245,1.0938414818281503,3.3102651935079637,-0.022417961464203717
geographic,10,110,,,0.37707090960210343,0.5697442815741993,0.05879304736263291,1.1000072823379108,3.307759525197546,-0.020870731524528452
geographic,10,120,,,0.37282214184550505,0.5703448227073584,0.05680783609708229,1.0931224270072948,3.3120810264241745,-0.023539955793294043
geographic,10,130,,,0.39215531768741146,0.5848707936884974,0.00815217250119682,1.123160653957549,3.3242285702953063,-0.031061690470229664
geographic,10,140,,,0.3899212864177692,0.5842946808827719,0.01010520148146754,1.1199264401294184,3.3251705098660325,-0.031646087952447166
geographic,10,150,,,0.38723566519079355,0.5844433241442054,0.009601483366831864,1.1152155775172718,3.327476930461123,-0.033077734832392514
geographic,10,160,,,0.3906426284838864,0.5839910630899344,0.01113369479551829,1.1210857919779507,3.3242280250436065,-0.03106135223350437
geographic,10,170,,,0.3925375199611403,0.585225436839528,0.006948971085988909,1.1238899129423585,3.3253884736034904,-0.03178134044923797
geographic,10,180,,,0.3539677605274342,0.5569020498857151,0.10074510671895598,1.0573821262470267,3.2954648779798514,-0.013295864323126905
geographic,10,190,,,0.3527053518445924,0.5585508053253263,0.09541258494286142,1.0555034501426508,3.3011561818596515,-0.016798832621618187
geographic,10,200,,,0.3535727784860928,0.5574400636896955,0.09900675705002016,1.0583940167275552,3.297477948449941,-0.014534207977483948
hybrid,10,30,0.3,0.7,0.41744648192100003,0.585989193335572,0.004355289954861119,1.183379807052036,3.305493294815401,-0.019472361587533182
hybrid,10,40,0.3,0.7,0.447568594638707,0.6285793863384398,-0.14563281804579664,1.306032839769848,3.3938889311926084,-0.07472696659906108
hybrid,10,50,0.3,0.7,0.43415146502905233,0.6336405853879609,-0.16415591680130448,1.2840905126545985,3.401026649839518,-0.07925225628544408
hybrid,10,60,0.3,0.7,0.43084228968152505,0.6344210168996239,-0.16702537779482873,1.2769028803024831,3.402462160422096,-0.08016351347660722
hybrid,10,70,0.3,0.7,0.4039743019220668,0.5850338353127199,0.007599110107148532,1.143499589125108,3.316332060692692,-0.02616905556403637
hybrid,10,80,0.3,0.7,0.38842579715238035,0.5790353167896265,0.0278455170440709,1.1310426791403805,3.3106893023877206,-0.022679961206372612
hybrid,10,90,0.3,0.7,0.38463450104185687,0.5656894412353386,0.07214241593231774,1.1217743548157701,3.271868513710091,0.0011630955055409453
hybrid,10,100,0.3,0.7,0.38113063740421704,0.5658067256355889,0.07175763059431561,1.1190438078946738,3.2706630838315713,0.0018989478467610343
hybrid,10,110,0.3,0.7,0.37564926447794683,0.5646396626975327,0.07558296516186713,1.1102164475404677,3.2713084371359766,0.0015050268931784405
hybrid,10,120,0.3,0.7,0.3665341693962424,0.5592740846032676,0.09306832927347863,1.0872671537970273,3.270375434621528,0.002074502678750423
hybrid,10,130,0.3,0.7,0.3638781104733328,0.5601111598882976,0.09035145667289801,1.0822451104095256,3.275557365038942,-0.0010904412100010141
hybrid,10,140,0.3,0.7,0.3630017998776729,0.5571658583137539,0.09989293815949463,1.0791052052235361,3.2757342070993043,-0.0011985386452872948
hybrid,10,150,0.3,0.7,0.36853563537555883,0.5602590905853873,0.0898708995167441,1.0900436773677638,3.277514530507081,-0.0022871138799238633
hybrid,10,160,0.3,0.7,0.36645682245971134,0.5597710393161053,0.09145586689900997,1.0859374572679357,3.2776999496197865,-0.002400522038736197
hybrid,10,170,0.3,0.7,0.36308955551967853,0.5426929459964704,0.14604786250151225,1.0862201690304383,3.219363248847656,0.03296351612082227
hybrid,10,180,0.3,0.7,0.3673194932295653,0.549678624704922,0.12392179805498915,1.095874843943127,3.225883652412136,0.029042334754593502
hybrid,10,190,0.3,0.7,0.362288697385606,0.5448610010876389,0.13921116602510752,1.0803128749014306,3.2334272685008574,0.024495924074024344
hybrid,10,200,0.3,0.7,0.3568493041618042,0.540280886307499,0.1536219652158921,1.0663886840073404,3.233262496425062,0.024595342878113935
random,20,30,,,0.44317369269287504,0.6355138926865751,-0.17104955820591528,1.333150145718407,3.4487787084073274,-0.10977146186828923
random,20,40,,,0.46112601176514906,0.614819178488862,-0.09602381122055759,1.2968378000409535,3.2753890073295504,-0.0009875353876109827
random,20,50,,,0.4401127094200554,0.5918687443165479,-0.015724642621307572,1.2463828595692008,3.207941795138217,0.03981292656225455
random,20,60,,,0.5267295158077885,0.6807269493138591,-0.3436033105051781,1.729937814248196,4.904300485591091,-1.244176644074925
random,20,70,,,0.5069178138908522,0.6718538339963174,-0.3088044906790193,1.7111555158442349,5.0482213895290755,-1.3778238593748093
random,20,80,,,0.5066791781726384,0.6710713223755869,-0.3057575234599985,1.7062999636853635,5.021309190083785,-1.3525389551424705
random,20,90,,,0.4932653606420476,0.6651202805461292,-0.2827013666173752,1.6889604121514723,5.085982179200998,-1.413529233416269
random,20,100,,,0.5011133001419601,0.6694466493347233,-0.29944266251764895,1.7098828931938028,5.110464078110723,-1.4368206997150876
random,20,110,,,0.4786756364353473,0.6322673396683118,-0.1591153943965664,1.4587747252792556,3.937173532825409,-0.4463453683008769
random,20,120,,,0.4718971464356042,0.6256593057055453,-0.13501341229435693,1.421333908226238,3.818528820845912,-0.36048901954513424
random,20,130,,,0.46451510432591625,0.6264983417888565,-0.13805965726656,1.4328252978196458,3.9492279401168635,-0.455215450376365
random,20,140,,,0.420591522213285,0.5712783756432834,0.053717633799259534,1.1860722643623236,3.235311356063091,0.023358758820307246
random,20,150,,,0.44711202850221565,0.6042887411900637,-0.058800608639503205,1.2779602418763412,3.3913681018171613,-0.07313104096614675
random,20,160,,,0.41305298126465806,0.56221300066433,0.08351165825988882,1.1707423397696917,3.214332915453177,0.03598319118112814
random,20,170,,,0.40810107848852684,0.5608479001782577,0.0879568766837342,1.1629989414998694,3.217035257740531,0.034361580393902025
random,20,180,,,0.41028363801536927,0.558178690735101,0.09661748177514784,1.1663740152606128,3.2074207459827897,0.040124817528290335
random,20,190,,,0.4051425731469299,0.5555575352254146,0.10508196230894651,1.1543439519554852,3.2090181367999957,0.03916848673352613
random,20,200,,,0.4024004330250318,0.5540056379940387,0.11007471631732035,1.1487243547573234,3.2061413280235587,0.04089043994436592
uncertainty,20,30,,,0.44317369269287504,0.6355138926865751,-0.17104955820591528,1.333150145718407,3.4487787084073274,-0.10977146186828923
uncertainty,20,40,,,0.45513492916039155,0.6660327255226867,-0.28622312728290944,1.3990844284830455,3.603355149800224,-0.2114821862385039
uncertainty,20,50,,,0.4384707204573849,0.6228956505326689,-0.12500842148678037,1.27113966156934,3.3698959121970207,-0.059585164096049414
uncertainty,20,60,,,0.4684942817379308,0.653580785350238,-0.2385790461482873,1.3665478989905562,3.427619601112071,-0.09619579222942609
uncertainty,20,70,,,0.4269260322970073,0.6219734231347457,-0.12167962783230046,1.2659001095725626,3.4043649047291527,-0.0813719616887123
uncertainty,20,80,,,0.4162690964957786,0.6087154169448704,-0.0743697685145257,1.2249718955896187,3.370484001871862,-0.05995501852657559
uncertainty,20,90,,,0.42044004036757415,0.610292460314144,-0.07994387582798024,1.235337266313094,3.3670741949724463,-0.0578114606702691
uncertainty,20,100,,,0.4198021051360365,0.5880544926065401,-0.002675310626198968,1.1837802714259822,3.3061362277743735,-0.019868983857036504
uncertainty,20,110,,,0.42428969745752826,0.589134899399541,-0.006363038133426535,1.193737284005075,3.3036429313787807,-0.01833131168829305
uncertainty,20,120,,,0.414863312226384,0.5977901601435969,-0.03615016613637767,1.2176330651955871,3.3359764900487834,-0.038362171342361195
uncertainty,20,130,,,0.41387046041196,0.6032844661248906,-0.055284264880227196,1.2264754621413427,3.3564887781483135,-0.05117081456856476
uncertainty,20,140,,,0.41969360753292423,0.6142936865602547,-0.09415104748527958,1.2511298015927792,3.375892940719128,-0.06335977120086733
uncertainty,20,150,,,0.4241217883889518,0.6010007082763845,-0.04730974455033121,1.2462706378253112,3.306526817225705,-0.020109974288210264
uncertainty,20,160,,,0.42574701237682416,0.6000279630473324,-0.04392225736230304,1.2442911199585143,3.2974367886607374,-0.014508880891646037
uncertainty,20,170,,,0.42101350128940157,0.5966380746295812,-0.03216019316495733,1.2308160109289623,3.296400131379195,-0.013871092956290632
uncertainty,20,180,,,0.41889578686360823,0.597602602796652,-0.03550008153367412,1.2257614113162953,3.2979951098725566,-0.014852462781029807
uncertainty,20,190,,,0.4238065195113297,0.6020406875472045,-0.05093743674862283,1.2361899148559654,3.3031055653180417,-0.018000057862081142
uncertainty,20,200,,,0.41878296533754583,0.6045967237366535,-0.059880142921047375,1.2373213171513788,3.31792907616294,-0.027157619085194984
geographic,20,30,,,0.44317369269287504,0.6355138926865751,-0.17104955820591528,1.333150145718407,3.4487787084073274,-0.10977146186828923
geographic,20,40,,,0.40540219243707015,0.6260313914566483,-0.1363638210353253,1.2361076564260656,3.4362896376427865,-0.10174837901049316
geographic,20,50,,,0.3944678302532508,0.5986952677296649,-0.03929018889141922,1.165859697243949,3.357465111230821,-0.05178243115550507
geographic,20,60,,,0.39361880119979475,0.5969724254843036,-0.03331734472478276,1.1578609876082262,3.3526188063381945,-0.04874824948813994
geographic,20,70,,,0.39098417476286,0.5947059908779667,-0.025486160456316798,1.153287667384917,3.3455417626447095,-0.04432531683548957
geographic,20,80,,,0.3962258533380175,0.6052253063797572,-0.062085145237314565,1.187672028848537,3.3701706024499787,-0.05975791102166994
geographic,20,90,,,0.3971235192035221,0.605300704936655,-0.06234978941047031,1.203970823265189,3.382465795009741,-0.06750451929567647
geographic,20,100,,,0.3929505892505349,0.5850377198697958,0.0075859312088872866,1.1489200415248966,3.3201177798591974,-0.028513214777967866
geographic,20,110,,,0.3888150039195849,0.5787584278385557,0.028775044027781416,1.131337792564822,3.310802703086259,-0.022750021908291673
geographic,20,120,,,0.39297395023705095,0.5829035485337918,0.014813220911619185,1.1392385381156946,3.3122542223709512,-0.02364700486926119
geographic,20,130,,,0.3857669808311245,0.5792277863056496,0.027199127454999528,1.125253940543115,3.3122024822587277,-0.023615024716962196
geographic,20,140,,,0.38326141823777526,0.5749269394709018,0.04159185775203189,1.1180759880295938,3.3069257445108877,-0.020356138480457364
geographic,20,150,,,0.38203239166933317,0.5746235217001371,0.04260319087172437,1.115292239661186,3.307796224929769,-0.020893384858326147
geographic,20,160,,,0.3796099571176361,0.5737498696957704,0.045512211329282404,1.1099677352293082,3.3078147404337117,-0.020904813862478777
geographic,20,170,,,0.3839003021516721,0.5726367545266083,0.04921216586973287,1.1153063695040304,3.305030521131674,-0.019186926457054554
geographic,20,180,,,0.3850453170786146,0.5738337242233235,0.04523319088620659,1.1170683313940362,3.305289083160832,-0.019346400535247277
geographic,20,190,,,0.38427667284402434,0.5740310132359017,0.044576563804805014,1.1162192239156208,3.3044317789673228,-0.018817686350246055
geographic,20,200,,,0.38387805705922085,0.5743171302924983,0.043623893785694534,1.1170808008842683,3.305499037833887,-0.019475904086750262
hybrid,20,30,0.3,0.7,0.44317369269287504,0.6355138926865751,-0.17104955820591528,1.333150145718407,3.4487787084073274,-0.10977146186828923
hybrid,20,40,0.3,0.7,0.4054021924370719,0.626031391456653,-0.1363638210353424,1.2361076564260784,3.4362896376428074,-0.10174837901050626
hybrid,20,50,0.3,0.7,0.4010310461621422,0.6064949443251848,-0.06654589063836225,1.183688089055731,3.3639926530719926,-0.05587613134991587
hybrid,20,60,0.3,0.7,0.4122776918732218,0.5880607854920347,-0.0026967703880342864,1.156964894498314,3.3158177871902077,-0.025850818049677038
hybrid,20,70,0.3,0.7,0.4068525795136871,0.5986042400110447,-0.038974178299719275,1.1808324514719786,3.339175095702205,-0.04035433369335739
hybrid,20,80,0.3,0.7,0.422910334424585,0.6074405405175409,-0.06987422154688283,1.2212894890222945,3.3408649839019238,-0.041407604232595485
hybrid,20,90,0.3,0.7,0.41894122327611927,0.6060178358404507,-0.0648685215257041,1.2128134225617786,3.3410561224481383,-0.04152677027527729
hybrid,20,100,0.3,0.7,0.4227086562354363,0.6130553139020534,-0.08974403171361423,1.2295687875090497,3.356585599433754,-0.05123145959622444
hybrid,20,110,0.3,0.7,0.40625335010372,0.5958278282447989,-0.02935870850690514,1.1764387759070063,3.3264496676356905,-0.032439967201890685
hybrid,20,120,0.3,0.7,0.3949557443298717,0.5835943827055009,0.012476628503837128,1.1431418018913893,3.3106018421513075,-0.022625928561463837
hybrid,20,130,0.3,0.7,0.3921088901471267,0.5798988653875785,0.02494369528770435,1.1374222676807586,3.304783162857154,-0.019034374228678264
hybrid,20,140,0.3,0.7,0.39056037690324574,0.5760384718624723,0.03788240731808623,1.1314194861687075,3.298396793006924,-0.015099688098009656
hybrid,20,150,0.3,0.7,0.3882270615416602,0.5769703053036183,0.03476713452528035,1.1279264027089908,3.30452508187152,-0.018875221198816794
hybrid,20,160,0.3,0.7,0.3913561548126821,0.5782541070541032,0.030466926175198528,1.131562916196112,3.3059085519776548,-0.019728522924825853
hybrid,20,170,0.3,0.7,0.3936892655562422,0.5825976423859932,0.01584699609763085,1.1379335354170532,3.3127648496605113,-0.02396264633344125
hybrid,20,180,0.3,0.7,0.39604076193407106,0.5848041427294326,0.008378218468622967,1.1409599466167555,3.3154404236507773,-0.02561733316477266
hybrid,20,190,0.3,0.7,0.3969117455526256,0.5843939435508535,0.009768837148768528,1.1444384158214798,3.310038361913932,-0.022277846557080094
hybrid,20,200,0.3,0.7,0.3964010484297941,0.5846520716379463,0.008893869399227317,1.143130844652179,3.3116573269391485,-0.02327809890647159
random,30,30,,,0.40849352038047493,0.5815596523176232,0.01935072131341431,1.1883016382188676,3.1763898686953995,0.058608008199545036
random,30,40,,,0.4257788661295045,0.5909529408191828,-0.012583795828455813,1.2318469341387943,3.1603826319104034,0.0680722838349358
random,30,50,,,0.40809758677554075,0.5824566003111517,0.01632344903709715,1.189173073937256,3.1816701196847728,0.0554755730901344
random,30,60,,,0.4014177901416646,0.5677715279154546,0.06529966783894237,1.163283448297545,3.1752383724424966,0.05929042623373204
random,30,70,,,0.4121034412207477,0.5666148925446693,0.06910403710898727,1.1660577194460162,3.2036722638968995,0.04236710046715075
random,30,80,,,0.4063046411362908,0.5637351331390017,0.07854234913218505,1.152563795580551,3.2213556140230755,0.03176620730570312
random,30,90,,,0.4112499937096111,0.568581874232642,0.0626296801677817,1.1626303294618032,3.224069163291087,0.03013431253529819
random,30,100,,,0.4065638030125243,0.5699872025576245,0.057990274370793404,1.1562442857470991,3.2302132844259095,0.026434236647032927
random,30,110,,,0.40433685425053145,0.5651838230465975,0.07380032918086554,1.1536889975859892,3.2155642197063092,0.0352444840354873
random,30,120,,,0.412528689002625,0.5674241232383498,0.06644315569443893,1.1622401775548317,3.2208998127915986,0.03204018570846889
random,30,130,,,0.40822734219590723,0.5659327014132141,0.07134424182813304,1.155536384034312,3.2228046489832267,0.03089494667250048
random,30,140,,,0.39864464883442086,0.5608967441014278,0.08779801113730523,1.1375235311683458,3.217422798023803,0.03412891503767712
random,30,150,,,0.40175275151693945,0.5617198722120949,0.08511869428075125,1.1458973403633146,3.201713598347475,0.04353770035138316
random,30,160,,,0.40645858216661684,0.5641457966859685,0.07719935354910912,1.1536116354852595,3.2079477385672623,0.039809368636710696
random,30,170,,,0.40574357917776577,0.5623434298849075,0.08308637202221769,1.1533338341018389,3.2072106742163475,0.04025054850515075
random,30,180,,,0.4073516583437329,0.5668118878996291,0.06845663422087933,1.1560058023137827,3.219502995118294,0.032879559968736705
random,30,190,,,0.40512961109368956,0.5657512376186876,0.07193968499687142,1.1515605797659332,3.2196985144132926,0.03276209062728441
random,30,200,,,0.4050774188518519,0.5657237182528997,0.07202996852939292,1.1529650645800604,3.211754110318152,0.03752939956689849
uncertainty,30,30,,,0.40849352038047493,0.5815596523176232,0.01935072131341431,1.1883016382188676,3.1763898686953995,0.058608008199545036
uncertainty,30,40,,,0.4173424890214897,0.5949009443002685,-0.02615860972796291,1.2106589473982399,3.1759355580860746,0.05887727853587443
uncertainty,30,50,,,0.41267913696103053,0.5971355724032098,-0.03388221361940413,1.2026586931447656,3.1834116815155187,0.05444127485770578
uncertainty,30,60,,,0.41811123741836503,0.5910145526428906,-0.012794947621435071,1.2111415923517748,3.169504483767347,0.06268485092179887
uncertainty,30,70,,,0.402923923152678,0.5773517100471303,0.03349058330399535,1.1682967957477903,3.178989549472776,0.05706643411288148
uncertainty,30,80,,,0.4102089857419558,0.5818058364626024,0.018520294367847967,1.183936332561549,3.1795438896371038,0.05673755506910283
uncertainty,30,90,,,0.40493692919347224,0.5778115573490059,0.03195036532056461,1.1721882216364394,3.1784735427215622,0.057372519168952585
uncertainty,30,100,,,0.3899014661748565,0.5663060156457941,0.0701186729444443,1.1374455984629828,3.183124496642652,0.05461187039530313
uncertainty,30,110,,,0.39380635370642364,0.5718561737249569,0.05180250219530114,1.1427755403087725,3.194980678215744,0.047556181659566876
uncertainty,30,120,,,0.3977648848565579,0.5740977701268897,0.044354329098262646,1.1508086565980384,3.192532087603451,0.0490155027414122
uncertainty,30,130,,,0.384626996689749,0.5682664740051259,0.06366933628715232,1.1224501800724471,3.1991421612548767,0.045073437324787635
uncertainty,30,140,,,0.3885095857873858,0.5727217206588211,0.048929994816326094,1.1294586162280011,3.202733146591079,0.04292845490091857
uncertainty,30,150,,,0.3921990545016314,0.577489164053561,0.033030321721383205,1.1386901463204924,3.2118722029745306,0.037458620300754975
uncertainty,30,160,,,0.3959571083509262,0.5820906397808034,0.01755915896396998,1.14504651969901,3.223510632577132,0.0304703182634527
uncertainty,30,170,,,0.39262681055792725,0.5793826749238306,0.026678793547569857,1.1380132313453963,3.2296303356085083,0.02678559907993805
uncertainty,30,180,,,0.39618813652076595,0.5704699200996446,0.05639403793400788,1.144461806720906,3.2144590129073833,0.03590755343420726
uncertainty,30,190,,,0.3898667733862738,0.5679107128717463,0.06484134203519831,1.1324306236940247,3.2135926741824083,0.0364271544400232
uncertainty,30,200,,,0.39426485017232804,0.5620378911120051,0.08408247704279137,1.1419720618147053,3.1919195199923864,0.049380408338576154
geographic,30,30,,,0.40849352038047493,0.5815596523176232,0.01935072131341431,1.1883016382188676,3.1763898686953995,0.058608008199545036
geographic,30,40,,,0.39850956479192307,0.5635059443373048,0.07929144150831047,1.1428509336084007,3.200038005277108,0.04453855329268719
geographic,30,50,,,0.38662255323589806,0.5476717717292783,0.13030716792066388,1.1147093292674386,3.198352172123501,0.04554499402660794
geographic,30,60,,,0.39181805265916253,0.5552177021592948,0.10617646541928805,1.1248964898873957,3.20071083286511,0.04413672781294631
geographic,30,70,,,0.38803636205277187,0.5557778268416551,0.10437210954185261,1.1183004905399867,3.20647592574052,0.04069024127443488
geographic,30,80,,,0.3848311690381936,0.5578001605069111,0.09784232839418627,1.1139600120568836,3.209320608858904,0.03898734822300287
geographic,30,90,,,0.4040713104124748,0.5684197833414754,0.06316405363279909,1.156739949220763,3.211314075524708,0.037793113116902366
geographic,30,100,,,0.3892277700828236,0.555259746253866,0.10604108996583084,1.120948726472925,3.2203616895870293,0.032363597273548095
geographic,30,110,,,0.387880990232422,0.5542954361644151,0.10914343997572973,1.1171535090482183,3.210585330102613,0.038229771933280476
geographic,30,120,,,0.38491180501819944,0.5530555067759985,0.11312457960924571,1.1115874917545505,3.2152456548185695,0.03543563058877752
geographic,30,130,,,0.383891268014512,0.5488086095494396,0.12669286494368892,1.1079334962668623,3.2043315029857578,0.04197294404771279
geographic,30,140,,,0.38842836745219605,0.5512876603502103,0.11878532680365683,1.1173702447394702,3.2059376256215923,0.04101231025177188
geographic,30,150,,,0.3860513324224343,0.5514106390584843,0.11839212834329416,1.1127374235966347,3.208333209624804,0.039578599331432596
geographic,30,160,,,0.3789732504469642,0.550693902008729,0.12068250982318973,1.0993089102729063,3.2292946871300288,0.02698787669349434
geographic,30,170,,,0.38028617676580617,0.5495638578008453,0.12428759101880749,1.1028130854115785,3.225575633419415,0.02922774697396935
geographic,30,180,,,0.3795127912666534,0.549445742954781,0.12466397501708626,1.1026022100802995,3.224577339117302,0.029828549157151718
geographic,30,190,,,0.37979199665629393,0.5496094714624239,0.1241422171679396,1.1034677067852332,3.223179634357207,0.030669415557885826
geographic,30,200,,,0.38396898491966724,0.5490600499909104,0.1258924582813863,1.107899390901705,3.2098178546435783,0.03868953035582112
hybrid,30,30,0.3,0.7,0.40849352038047493,0.5815596523176232,0.01935072131341431,1.1883016382188676,3.1763898686953995,0.058608008199545036
hybrid,30,40,0.3,0.7,0.38753683617292234,0.5599782113181214,0.0907832356805458,1.1309843381791485,3.1876746627842723,0.051907139487776144
hybrid,30,50,0.3,0.7,0.38219227273732037,0.5520175100964178,0.11645050203657314,1.110439987857365,3.2143845874902044,0.035952196810642545
hybrid,30,60,0.3,0.7,0.3822071893941168,0.5556643936105106,0.10473766424029929,1.108364013219127,3.2346371045636952,0.023765788086797968
hybrid,30,70,0.3,0.7,0.3823845190556557,0.5531041293292951,0.11296863127337253,1.1088409712995229,3.2231848946050548,0.030666251649037912
hybrid,30,80,0.3,0.7,0.3852374738396571,0.5516369035699039,0.11766846620629601,1.1145231534626505,3.218054982442564,0.03374931392376468
hybrid,30,90,0.3,0.7,0.3794712601850823,0.5502612288215614,0.12206370412902723,1.1052208626232076,3.223163675576644,0.03067901433769238
hybrid,30,100,0.3,0.7,0.37360040904702885,0.5483217535985533,0.12824162412476814,1.0934350292297,3.226286836772714,0.028799610929634012
hybrid,30,110,0.3,0.7,0.3671916687959258,0.547535110371594,0.1307411452790045,1.0826537934319655,3.2267923086665924,0.028495265419547278
hybrid,30,120,0.3,0.7,0.3703990517324218,0.5513544729947549,0.11857171835680513,1.0904485238540296,3.2253589972568233,0.029358140638426566
hybrid,30,130,0.3,0.7,0.3640098105833645,0.5492758253696525,0.12520529137852732,1.0797297419389418,3.233118086149207,0.02468247178281191
hybrid,30,140,0.3,0.7,0.36423337643674075,0.5484187083496292,0.1279333066512156,1.0814710509535388,3.2255996205613333,0.02921330853504589
hybrid,30,150,0.3,0.7,0.3587204192141335,0.5449532770369813,0.13891958034473573,1.0682219178711747,3.2350423583157646,0.023521156403297994
hybrid,30,160,0.3,0.7,0.35704267650114707,0.5443953662363812,0.140681787022366,1.0655536967801897,3.2314261742386967,0.025702984817627894
hybrid,30,170,0.3,0.7,0.35588504083951966,0.5431058908566343,0.14474779286975137,1.0649015226570393,3.222663104668013,0.030980070230288148
hybrid,30,180,0.3,0.7,0.3506594011348894,0.5424513558601086,0.14680799949700862,1.0575511408509155,3.2247988594749875,0.029695247898607335
hybrid,30,190,0.3,0.7,0.349527294153736,0.543650239493979,0.14303251527209437,1.055331170741968,3.2275641420270444,0.028030451219374974
hybrid,30,200,0.3,0.7,0.3547414470611525,0.5469960271756166,0.1324519840836329,1.062470173039576,3.233148019650501,0.024664411939117503
random,42,30,,,0.4839253648852871,0.6441473729383458,-0.20308318422750338,1.3574588580692513,3.2503602017382325,0.01425205870334012
random,42,40,,,0.468629774399614,0.6368723193813788,-0.1760612036484166,1.3341974732286725,3.250952947595717,0.013892497762604039
random,42,50,,,0.4837110136804188,0.6547703400150761,-0.24309171944866703,1.376203938753253,3.2737302224587013,2.6086215430987103e-05
random,42,60,,,0.5259454375887195,0.7159422852482167,-0.48621350729091684,2.01271665044893,6.557265450268231,-3.0118845367529525
random,42,70,,,0.504066550672121,0.7034082883596218,-0.4346307637969917,1.9510057637717206,6.524131369470904,-2.9714426003184307
random,42,80,,,0.48965022872344144,0.6886827362402482,-0.3751927350969966,1.8658834913293052,6.257372887208956,-2.653313716241107
random,42,90,,,0.48514163057484244,0.6858518681840136,-0.36391036134773835,1.8478534071165804,6.199857072881551,-2.5864621402627286
random,42,100,,,0.4996988928103106,0.6456194497807508,-0.2085883050968802,1.3733885656717557,3.242335163402114,0.019113611845280043
random,42,110,,,0.47018557068902955,0.6090874531848463,-0.07568344194580745,1.2965951585064959,3.194561571829644,0.04780604176556458
random,42,120,,,0.4671248872612815,0.6039419226194859,-0.05758560557243908,1.289323539995096,3.186798783166003,0.05242808419744527
random,42,130,,,0.45911692313187596,0.5991394411508356,-0.040832864586531015,1.2774506179536078,3.171183590445626,0.061691465978551574
random,42,140,,,0.4605186557937175,0.6045528932761596,-0.05972647569454281,1.28405981254674,3.1779464729963722,0.05768511526717435
random,42,150,,,0.44168131875515604,0.5839231939012016,0.011363525895005444,1.2369723582818128,3.167999298737672,0.06357489397949923
random,42,160,,,0.43769992521573897,0.5795497841036633,0.02611724978051677,1.2252176593301036,3.1704284814447705,0.062138265000985515
random,42,170,,,0.43739535953278647,0.577931278278415,0.03154916943880737,1.22736700137082,3.164229951513758,0.0658019219435153
random,42,180,,,0.44667706792884937,0.5848278895283354,0.008297684425137675,1.2057278063343801,3.214879404446648,0.03565536617122289
random,42,190,,,0.4453152674869035,0.5842784073539253,0.010160340977869331,1.203739149015553,3.2172670479991576,0.03422242516276286
random,42,200,,,0.4463278529269095,0.5848066433858881,0.00836973798591134,1.2062538543510977,3.2187436461360717,0.03333571442339578
uncertainty,42,30,,,0.4839253648852871,0.6441473729383458,-0.20308318422750338,1.3574588580692513,3.2503602017382325,0.01425205870334012
uncertainty,42,40,,,0.4872587832850413,0.6495359927387534,-0.22329618131018059,1.3711533356910421,3.2503482823150147,0.014259288379207202
uncertainty,42,50,,,0.48693425176073774,0.6404107615631721,-0.189165823884208,1.3645448379971632,3.225901776086973,0.029031424646025483
uncertainty,42,60,,,0.4737968532021151,0.6311437581738777,-0.15499940315577287,1.3320656133577358,3.2286010020666724,0.027405857427527325
uncertainty,42,70,,,0.4352319353762099,0.6056399633016691,-0.06354097273839554,1.242985930680631,3.2186339485910618,0.03340160279703164
uncertainty,42,80,,,0.43852815500503145,0.6105110152859013,-0.0807175028382161,1.2537709069049743,3.2195967234715024,0.03282324821762572
uncertainty,42,90,,,0.41454966486190886,0.5927009725470933,-0.018583077130049697,1.1984422007591111,3.2101993897486665,0.03846098437224699
uncertainty,42,100,,,0.41563517243483156,0.5949081858426877,-0.026183592093177888,1.199773596292352,3.2134311450907322,0.03652401869793631
uncertainty,42,110,,,0.4025785198799385,0.5844193256936301,0.009682817316206238,1.1685212775087397,3.2146861001049705,0.03577133095674012
uncertainty,42,120,,,0.4047583429071099,0.5880553326738426,-0.0026781753788900353,1.1721971708070373,3.223219914080236,0.03064518817011308
uncertainty,42,130,,,0.4051749973136892,0.5871439168738651,0.0004274798069185959,1.1738641114234412,3.222326564686603,0.031182447525498702
uncertainty,42,140,,,0.40191787241859794,0.5851136049665656,0.007328462949073522,1.1634304211992534,3.225621870097574,0.029199915906878204
uncertainty,42,150,,,0.3963017632288854,0.573247166438148,0.04718406849896162,1.1522530730727896,3.2016910299715247,0.04355118420871151
uncertainty,42,160,,,0.3887540207376481,0.566174694456448,0.07054988490401348,1.1281211020871713,3.211620434499501,0.037609515518228664
uncertainty,42,170,,,0.40392602690493534,0.5657799712175473,0.07184541321022575,1.156978516940021,3.198166022896978,0.045656092418018046
uncertainty,42,180,,,0.4063333299839163,0.5653005730783205,0.07341763949604185,1.1606515250889016,3.194161105310413,0.04804475865392899
uncertainty,42,190,,,0.4089065014712701,0.56808720694039,0.06425999852620934,1.1645934882057276,3.2124989812488947,0.0370829148852857
uncertainty,42,200,,,0.40989369652059204,0.5709862668328122,0.054685101704927463,1.1650977558688809,3.2141427136246357,0.036097275403072504
geographic,42,30,,,0.4839253648852871,0.6441473729383458,-0.20308318422750338,1.3574588580692513,3.2503602017382325,0.01425205870334012
geographic,42,40,,,0.39848316838744047,0.5665783056819431,0.06922425090378159,1.1484779948527901,3.2513350179842915,0.013660698273494809
geographic,42,50,,,0.37670089629529285,0.5616987603424854,0.08518746340508487,1.1009932972308125,3.270525810793008,0.001982728710419046
geographic,42,60,,,0.3854981795518607,0.5639119524126829,0.07796421583785929,1.1184828145559622,3.265422586886177,0.005094847270629255
geographic,42,70,,,0.40541824657001535,0.5867916491162978,0.0016265437179019404,1.166708088433052,3.28861259380255,-0.009086338351631085
geographic,42,80,,,0.385271728585502,0.556686296263948,0.10144174598349343,1.1253402499834226,3.231538775088361,0.025635083787423296
geographic,42,90,,,0.39228366772090295,0.5615809733231308,0.08557109161212484,1.1413920021956494,3.234394174155902,0.02391241848888359
geographic,42,100,,,0.3722723631624283,0.5466161964605581,0.13365640590041128,1.0905577853520771,3.2395533061738067,0.020796050688427936
geographic,42,110,,,0.372427754268937,0.5490064682471032,0.12606305499856563,1.0977260776013187,3.239261835535817,0.02097224557294941
geographic,42,120,,,0.3653272705726829,0.5300336476159231,0.1854231611054069,1.0822405789293599,3.1413839565918895,0.07924319323103945
geographic,42,130,,,0.358878361995249,0.5278332187879016,0.19217253546866742,1.07119891785312,3.1425824164493044,0.07854050894845654
geographic,42,140,,,0.35790792929948445,0.525927030520691,0.1979966885396207,1.069750047880782,3.1280602315627557,0.08703714290323805
geographic,42,150,,,0.354581742640012,0.5231331220764486,0.20649509968771496,1.0655780659428067,3.1134164653370497,0.09556506129670894
geographic,42,160,,,0.3527934604316625,0.5257816281316744,0.19844008494545873,1.0650760797226015,3.109476139383747,0.0978529102606911
geographic,42,170,,,0.3475174943117263,0.5164393565874185,0.22667181394040614,1.0607523398450176,3.069811121217909,0.1207220031131524
geographic,42,180,,,0.35030991465682426,0.5273909651880491,0.19352567097273876,1.0592915243413126,3.132814776437817,0.08425968887286739
geographic,42,190,,,0.35377809080735484,0.5296533470115969,0.18659166401096494,1.0656572548257806,3.1453206891144787,0.07693399157285985
geographic,42,200,,,0.35607640093810156,0.5276367980060108,0.19277365178019157,1.0621156139217476,3.159992081295749,0.06830259927195825
hybrid,42,30,0.3,0.7,0.4839253648852871,0.6441473729383458,-0.20308318422750338,1.3574588580692513,3.2503602017382325,0.01425205870334012
hybrid,42,40,0.3,0.7,0.4148676165905091,0.5736406582676892,0.04587554406023797,1.1729126492988906,3.2466563616098596,0.01649733143431431
hybrid,42,50,0.3,0.7,0.4077478390220424,0.570984622217454,0.05469054729005374,1.1572842989326153,3.240308104195037,0.020339699311118564
hybrid,42,60,0.3,0.7,0.4040547811270193,0.5676401780796714,0.06573209013491232,1.1453022368208836,3.253216534410715,0.012518797756487121
hybrid,42,70,0.3,0.7,0.3853806794431099,0.565589786728077,0.072469298631759,1.1213125291722434,3.255186324666345,0.011322615634634436
hybrid,42,80,0.3,0.7,0.37280920670872814,0.556480240347237,0.10210682065483834,1.101679194755771,3.2428347111656826,0.018811337512720017
hybrid,42,90,0.3,0.7,0.370036755277471,0.5513408510744122,0.11861527145415873,1.1006161359458917,3.2041215733802217,0.04209846892158986
hybrid,42,100,0.3,0.7,0.3769619959482521,0.5547854908941541,0.10756752421602511,1.1161400013350289,3.2048995036514043,0.04163327367718106
hybrid,42,110,0.3,0.7,0.37488288015668425,0.5571481694872732,0.09995009020731349,1.1158923102692146,3.207721637101317,0.03994471551654111
hybrid,42,120,0.3,0.7,0.3828495296349355,0.5642809060606805,0.07675729070301807,1.1321209715732072,3.210779214689881,0.03811360741186154
hybrid,42,130,0.3,0.7,0.3758740123884684,0.5524865971748255,0.11494823899865092,1.1164979869084073,3.1950872395553915,0.04749264739004255
hybrid,42,140,0.3,0.7,0.3773166633005188,0.5539336162945485,0.11030608495616934,1.1167030875403936,3.206693624509649,0.04055997512057674
hybrid,42,150,0.3,0.7,0.37107625173608244,0.5485717860918132,0.12744640629854564,1.099968054907836,3.2084885906593956,0.03948556978942519
hybrid,42,160,0.3,0.7,0.363887654712327,0.5459152242483825,0.13587695261868615,1.0841314730819298,3.215032646621081,0.03556343003798834
hybrid,42,170,0.3,0.7,0.35906118859829245,0.5463875249568001,0.13438110690792426,1.0783662822841078,3.217666794165743,0.03398241408383007
hybrid,42,180,0.3,0.7,0.35916739033691497,0.5429374276346198,0.14527828314570856,1.0817325730546132,3.213246942563064,0.03663447360823402
hybrid,42,190,0.3,0.7,0.36686002586381505,0.5450398965163203,0.13864582379181922,1.091235562803124,3.2199286482437053,0.03262381549427451
hybrid,42,200,0.3,0.7,0.3620509142840764,0.5424501704389084,0.14681172846097634,1.082609855323622,3.2200596315591405,0.03254511019923234
